method,threshold,tp,fp,fn,precision,recall,f1,null_rate,median_delay,length,split
cusum_v1,8.0,86,81,214,0.5149700598802395,0.2866666666666667,0.36830835117773014,0.07,1.0,24,calibration
cusum_v1,8.0,140,312,160,0.30973451327433627,0.4666666666666667,0.3723404255319149,0.18,1.0,60,calibration
median3,2.0,202,239,98,0.4580498866213152,0.6733333333333333,0.5452091767881242,0.66,1.0,24,calibration
median3,2.0,228,1400,72,0.14004914004914004,0.76,0.23651452282157676,0.99,1.0,60,calibration
median3,3.0,157,118,143,0.5709090909090909,0.5233333333333333,0.5460869565217391,0.37,1.0,24,calibration
median3,3.0,190,673,110,0.220162224797219,0.6333333333333333,0.3267411865864144,0.76,1.0,60,calibration
median3,4.0,106,58,194,0.6463414634146342,0.35333333333333333,0.45689655172413796,0.19,1.0,24,calibration
median3,4.0,162,317,138,0.33820459290187893,0.54,0.41591784338896026,0.42,1.0,60,calibration
median3,5.0,83,33,217,0.7155172413793104,0.27666666666666667,0.3990384615384615,0.11,1.0,24,calibration
median3,5.0,125,161,175,0.4370629370629371,0.4166666666666667,0.4266211604095563,0.19,1.0,60,calibration
median3,6.0,0,0,300,0.0,0.0,0.0,0.0,,24,calibration
median3,6.0,0,0,300,0.0,0.0,0.0,0.0,,60,calibration
median3,8.0,0,0,300,0.0,0.0,0.0,0.0,,24,calibration
median3,8.0,0,0,300,0.0,0.0,0.0,0.0,,60,calibration
multiscale,2.0,234,329,66,0.41563055062166965,0.78,0.5422943221320974,0.72,1.0,24,calibration
multiscale,2.0,254,1742,46,0.12725450901803606,0.8466666666666667,0.22125435540069688,1.0,1.0,60,calibration
multiscale,3.0,164,125,136,0.5674740484429066,0.5466666666666666,0.5568760611205433,0.39,1.0,24,calibration
multiscale,3.0,214,710,86,0.23160173160173161,0.7133333333333334,0.3496732026143791,0.79,1.0,60,calibration
multiscale,4.0,105,43,195,0.7094594594594594,0.35,0.46875,0.15,1.0,24,calibration
multiscale,4.0,165,257,135,0.3909952606635071,0.55,0.45706371191135736,0.28,1.0,60,calibration
multiscale,5.0,47,7,253,0.8703703703703703,0.15666666666666668,0.2655367231638418,0.01,2.0,24,calibration
multiscale,5.0,85,93,215,0.47752808988764045,0.2833333333333333,0.35564853556485354,0.04,2.0,60,calibration
multiscale,6.0,6,0,294,1.0,0.02,0.0392156862745098,0.0,3.0,24,calibration
multiscale,6.0,19,10,281,0.6551724137931034,0.06333333333333334,0.11550151975683891,0.0,3.0,60,calibration
multiscale,8.0,0,0,300,0.0,0.0,0.0,0.0,,24,calibration
multiscale,8.0,0,0,300,0.0,0.0,0.0,0.0,,60,calibration
multiscale,5.0,49,2,251,0.9607843137254902,0.16333333333333333,0.27920227920227925,0.01,2.0,24,test
cusum_v1,8.0,83,61,217,0.5763888888888888,0.27666666666666667,0.3738738738738739,0.04,1.0,24,test
multiscale,5.0,75,75,225,0.5,0.25,0.3333333333333333,0.03,2.0,60,test
cusum_v1,8.0,123,304,177,0.28805620608899296,0.41,0.3383768913342503,0.2,1.0,60,test
