split,model,horizon,category,n,mae,wape,r2_pooled,mean_scaled_absolute_error
bridge,chronos_bolt_tiny,6,Все категории,49,2447.685546875,0.07814008529386758,0.9458950884990953,0.08225553792129643
bridge,chronos_bolt_tiny,6,Здоровье,49,98.25919139628508,0.06299819928320165,0.975295322115125,0.07560481602978919
bridge,chronos_bolt_tiny,6,Маркетплейсы,49,1405.2999466876595,0.28266715401320697,0.11118918888534901,0.4402859223664115
bridge,chronos_bolt_tiny,6,Общественное питание,49,258.0714010121871,0.17145276455287328,0.9446269337195683,0.2527841126215315
bridge,chronos_bolt_tiny,6,Продовольствие,49,436.398756377551,0.03664250351713242,0.9675453657921852,0.037192368994983384
bridge,chronos_bolt_tiny,6,Транспорт,49,286.6250224210778,0.14377464399480794,0.9019722611712373,0.15947744215394746
bridge,damped_trend,6,Все категории,49,2227.8067492571427,0.07112065911712355,0.9588094385298946,0.08698195663619758
bridge,damped_trend,6,Здоровье,49,197.2287759673469,0.12645186222489727,0.8930073925687884,0.13948666851805913
bridge,damped_trend,6,Маркетплейсы,49,364.11574961632624,0.07323956918807746,0.8693503401137974,0.11718228958185836
bridge,damped_trend,6,Общественное питание,49,98.14209071020409,0.06520184997356113,0.9928499156464968,0.1896207630083908
bridge,damped_trend,6,Продовольствие,49,1739.1563943183678,0.14602939024079295,0.6103498438864559,0.1517951903094237
bridge,damped_trend,6,Транспорт,49,247.1194404571428,0.12395815716230739,0.9296175764590534,0.14840447741986007
bridge,last_value,6,Все категории,49,1236.3265306122448,0.03946857498768643,0.9863657794527709,0.04945614208982775
bridge,last_value,6,Здоровье,49,115.71428571428571,0.07418941198021616,0.9581672762230928,0.08208571137963082
bridge,last_value,6,Маркетплейсы,49,402.1224489795918,0.08088437524373274,0.8519060290829977,0.13164020944634103
bridge,last_value,6,Общественное питание,49,122.0204081632653,0.08106569046166362,0.98890100357753,0.17693330016318745
bridge,last_value,6,Продовольствие,49,1173.061224489796,0.09849684357714215,0.8175059953143307,0.1031937183078075
bridge,last_value,6,Транспорт,49,212.9387755102041,0.10681271433689922,0.9479928164170424,0.12810715567465045
bridge,pooled_ridge,6,Все категории,49,2539.484447727594,0.08107067985151535,0.9487060996934484,0.08985769149803044
bridge,pooled_ridge,6,Здоровье,49,277.15547575469844,0.17769631162144067,0.8179257216048129,0.18876457548982423
bridge,pooled_ridge,6,Маркетплейсы,49,744.0388143963347,0.1496586793705452,0.6621463549793896,0.20097765972335843
bridge,pooled_ridge,6,Общественное питание,49,110.60063206902761,0.07347882816598676,0.9891642576996778,0.16358523752169368
bridge,pooled_ridge,6,Продовольствие,49,1367.3818207235224,0.11481309798183019,0.7537204541353584,0.1179957250538386
bridge,pooled_ridge,6,Транспорт,49,126.12974846378859,0.0632682364203884,0.9781418183560487,0.07703609537972825
bridge,pooled_ridge_news,6,Все категории,49,3562.26395666114,0.11372196472220578,0.9043764070837108,0.12584152173238888
bridge,pooled_ridge_news,6,Здоровье,49,101.06022753011003,0.06479406417940742,0.9753597307451384,0.0769619229294261
bridge,pooled_ridge_news,6,Маркетплейсы,49,1259.4229752740907,0.2533249282181154,0.2748967634457261,0.40031964944094767
bridge,pooled_ridge_news,6,Общественное питание,49,96.63180765702315,0.0641984756991951,0.9938407059984018,0.18071685742128982
bridge,pooled_ridge_news,6,Продовольствие,49,873.9720487883104,0.07338362771110885,0.8882947972785384,0.07331772589324487
bridge,pooled_ridge_news,6,Транспорт,49,173.24437879191984,0.08690151569641268,0.9640318093395804,0.11858724593687035
bridge,prophet_annual3,6,Все категории,49,1651.6635723544578,0.052727823876447616,0.9741104144841364,0.06544318176491767
bridge,prophet_annual3,6,Здоровье,49,160.4369326972889,0.10286302700870327,0.9382220841869117,0.14132938116890062
bridge,prophet_annual3,6,Маркетплейсы,49,426.44839927532684,0.08577738556154385,0.8821888777543219,0.13479682754663064
bridge,prophet_annual3,6,Общественное питание,49,130.07015492281388,0.08641363421080442,0.9873060371801837,0.25608514603777915
bridge,prophet_annual3,6,Продовольствие,49,586.027950099508,0.049206215436785675,0.9441604657603376,0.050521446184949775
bridge,prophet_annual3,6,Транспорт,49,215.1043988436354,0.10789901769297369,0.9455486533260287,0.17207787373937142
bridge,prophet_default,6,Все категории,49,1974.0294609074674,0.06301905514164248,0.9594948813466442,0.06637645711525987
bridge,prophet_default,6,Здоровье,49,115.91199267968994,0.07431617043028299,0.9549695951965165,0.0809859761613753
bridge,prophet_default,6,Маркетплейсы,49,787.9706421847757,0.15849528735649637,0.6348315971405274,0.21793040164248162
bridge,prophet_default,6,Общественное питание,49,129.9366655279172,0.08632494896438131,0.9883535629487237,0.25086128514400446
bridge,prophet_default,6,Продовольствие,49,1243.5216086361152,0.1044130952533186,0.7836495887776798,0.10602283529577161
bridge,prophet_default,6,Транспорт,49,212.33119081425014,0.10650794236472597,0.9469349659865473,0.16446885597944674
bridge,seasonal_naive,6,Все категории,49,3919.2244897959185,0.1251175978505328,0.8791915725424405,0.13501136338146072
bridge,seasonal_naive,6,Здоровье,49,192.57142857142858,0.12346583623374244,0.9119797688881021,0.1347996356258182
bridge,seasonal_naive,6,Маркетплейсы,49,1661.142857142857,0.33412832964569983,-0.2202164837388394,0.539811219842896
bridge,seasonal_naive,6,Общественное питание,49,238.89795918367346,0.15871466341265,0.9522103544438036,0.24224180097581063
bridge,seasonal_naive,6,Продовольствие,49,817.9183673469388,0.0686770441350853,0.893721478865303,0.06790799529162724
bridge,seasonal_naive,6,Транспорт,49,225.6122448979592,0.11316988278650765,0.9353820790255566,0.13076888718738497
bridge,seasonal_scaled,6,Все категории,49,1951.4384372572742,0.062297857716117115,0.9645601877218067,0.07620568205408523
bridge,seasonal_scaled,6,Здоровье,49,161.70718029656936,0.10367743744971475,0.9386980590634775,0.13611999493850743
bridge,seasonal_scaled,6,Маркетплейсы,49,670.0795303641396,0.13478223937671266,0.7410803039224202,0.19781797778383625
bridge,seasonal_scaled,6,Общественное питание,49,168.5912225733858,0.11200555767196671,0.9742344751081015,0.26331696811928224
bridge,seasonal_scaled,6,Продовольствие,49,582.6953592250971,0.048926392290976534,0.9434950607441508,0.05027360222337332
bridge,seasonal_scaled,6,Транспорт,49,229.8638048367723,0.11530251765370161,0.9372914121786874,0.1773322597028437
diagnostic_h12,chronos_bolt_tiny,12,Все категории,49,11199.285514987245,0.2875620384640729,0.36258737476939007,0.3903967182425772
diagnostic_h12,chronos_bolt_tiny,12,Здоровье,49,266.9930220623406,0.15829561969647643,0.8291971053042537,0.16346374113456696
diagnostic_h12,chronos_bolt_tiny,12,Маркетплейсы,49,4527.904399015466,0.6270431803650833,-3.1290525506086757,1.4857861719121321
diagnostic_h12,chronos_bolt_tiny,12,Общественное питание,49,388.6340145188935,0.263977414594405,0.8597204865505673,0.3179510375556388
diagnostic_h12,chronos_bolt_tiny,12,Продовольствие,49,3674.9547991071427,0.24352687944510484,-0.11348544981546471,0.3080231677228598
diagnostic_h12,chronos_bolt_tiny,12,Транспорт,49,406.05595429089607,0.19815103533695083,0.7907566636834203,0.19530096147523687
diagnostic_h12,damped_trend,12,Все категории,49,2364.2947941422453,0.06070757189141222,0.9549819962962897,0.0786825547390334
diagnostic_h12,damped_trend,12,Здоровье,49,153.01106690059711,0.09071765796858033,0.9535705435751622,0.1266913402187188
diagnostic_h12,damped_trend,12,Маркетплейсы,49,771.0502107253866,0.1067782651196304,0.7707788941145189,0.29093244611910196
diagnostic_h12,damped_trend,12,Общественное питание,49,434.36106175819845,0.29503724789852537,0.8682171904574992,0.4885859908922713
diagnostic_h12,damped_trend,12,Продовольствие,49,494.0370938551482,0.03273817458269233,0.9729746037896287,0.04677964940236453
diagnostic_h12,damped_trend,12,Транспорт,49,327.037399811101,0.15959081176297604,0.9014836817024593,0.19891717463539715
diagnostic_h12,last_value,12,Все категории,49,5024.673469387755,0.12901763630723312,0.8661611369307537,0.17323690933676553
diagnostic_h12,last_value,12,Здоровье,49,161.22448979591837,0.09558725664573427,0.9473323782054622,0.11169114645005593
diagnostic_h12,last_value,12,Маркетплейсы,49,2126.673469387755,0.29451065621723366,0.051764510282134135,0.7368861753440361
diagnostic_h12,last_value,12,Общественное питание,49,271.83673469387753,0.184643535396942,0.9434689767717985,0.3143167503165186
diagnostic_h12,last_value,12,Продовольствие,49,1007.8367346938776,0.0667859466053227,0.8965109678216022,0.08223326084742728
diagnostic_h12,last_value,12,Транспорт,49,227.08163265306123,0.11081344859180178,0.9396004875794081,0.12507476334747716
diagnostic_h12,pooled_ridge,12,Все категории,49,9009.246978953326,0.2313288131485823,0.5947516046878036,0.3188627582297215
diagnostic_h12,pooled_ridge,12,Здоровье,49,567.742193068013,0.33660468571554486,0.4871018581564468,0.4067082320547063
diagnostic_h12,pooled_ridge,12,Маркетплейсы,49,2487.405945937261,0.344466401618077,-0.6799348275613009,0.6936559495537086
diagnostic_h12,pooled_ridge,12,Общественное питание,49,104.98577202648885,0.07131098059715207,0.9926949000372411,0.20843067218503925
diagnostic_h12,pooled_ridge,12,Продовольствие,49,4341.638721037844,0.2877057779511363,-0.40051082417897943,0.3756143000153954
diagnostic_h12,pooled_ridge,12,Транспорт,49,292.05523812354744,0.14251988475534622,0.923146492095942,0.17426992989288664
diagnostic_h12,pooled_ridge_news,12,Все категории,49,2363.402069616904,0.060684649564452124,0.9671589403968087,0.08411566247090736
diagnostic_h12,pooled_ridge_news,12,Здоровье,49,171.92505013802776,0.10193143679460065,0.9430279010380849,0.1303974889748276
diagnostic_h12,pooled_ridge_news,12,Маркетплейсы,49,738.8160214370502,0.10231433947397334,0.8087185125084837,0.28936019974456895
diagnostic_h12,pooled_ridge_news,12,Общественное питание,49,226.191493566135,0.15363926842263706,0.961319885108818,0.2669536426862171
diagnostic_h12,pooled_ridge_news,12,Продовольствие,49,2350.673696283755,0.15577123016281846,0.578898391810239,0.20584671978015215
diagnostic_h12,pooled_ridge_news,12,Транспорт,49,112.21624402274622,0.054760346941745655,0.9843949395216771,0.07509215204780818
diagnostic_h12,prophet_annual3,12,Все категории,49,8239.48897507646,0.21156387542798885,0.6591834931189637,0.3035617486331153
diagnostic_h12,prophet_annual3,12,Здоровье,49,326.7696079249966,0.19373614031150352,0.7752243989607394,0.2374590781249749
diagnostic_h12,prophet_annual3,12,Маркетплейсы,49,1547.4496687908502,0.21429731643284974,0.3268409281402803,0.4609165851444244
diagnostic_h12,prophet_annual3,12,Общественное питание,49,172.70726829018292,0.1173104166431329,0.9782847119153415,0.36587966474064215
diagnostic_h12,prophet_annual3,12,Продовольствие,49,5137.852161633905,0.3404681614796951,-0.9574938428126765,0.4496151429072578
diagnostic_h12,prophet_annual3,12,Транспорт,49,237.2824674955458,0.11579134871610709,0.9353550841853202,0.16849233604745031
diagnostic_h12,prophet_default,12,Все категории,49,2950.62689077747,0.07576271560568791,0.9450765504778939,0.12434928455868778
diagnostic_h12,prophet_default,12,Здоровье,49,262.077047211508,0.1553810218563758,0.8695607070400688,0.242419851205966
diagnostic_h12,prophet_default,12,Маркетплейсы,49,769.3476108642984,0.1065424819542398,0.82889442280398,0.2822252757739652
diagnostic_h12,prophet_default,12,Общественное питание,49,194.38423183621376,0.13203436920354417,0.9726151701400259,0.33752401346476907
diagnostic_h12,prophet_default,12,Продовольствие,49,710.2455594351535,0.04706558153341329,0.9336959278214763,0.061351917490555984
diagnostic_h12,prophet_default,12,Транспорт,49,294.0770502931505,0.14350650783137844,0.9125069811446767,0.20603622464827892
diagnostic_h12,seasonal_naive,12,Все категории,49,5024.673469387755,0.12901763630723312,0.8661611369307537,0.17323690933676553
diagnostic_h12,seasonal_naive,12,Здоровье,49,161.22448979591837,0.09558725664573427,0.9473323782054622,0.11169114645005593
diagnostic_h12,seasonal_naive,12,Маркетплейсы,49,2126.673469387755,0.29451065621723366,0.051764510282134135,0.7368861753440361
diagnostic_h12,seasonal_naive,12,Общественное питание,49,271.83673469387753,0.184643535396942,0.9434689767717985,0.3143167503165186
diagnostic_h12,seasonal_naive,12,Продовольствие,49,1007.8367346938776,0.0667859466053227,0.8965109678216022,0.08223326084742728
diagnostic_h12,seasonal_naive,12,Транспорт,49,227.08163265306123,0.11081344859180178,0.9396004875794081,0.12507476334747716
diagnostic_h12,seasonal_scaled,12,Все категории,49,5024.673469387755,0.12901763630723312,0.8661611369307537,0.17323690933676553
diagnostic_h12,seasonal_scaled,12,Здоровье,49,161.22448979591837,0.09558725664573427,0.9473323782054622,0.11169114645005593
diagnostic_h12,seasonal_scaled,12,Маркетплейсы,49,2126.673469387755,0.29451065621723366,0.051764510282134135,0.7368861753440361
diagnostic_h12,seasonal_scaled,12,Общественное питание,49,271.83673469387753,0.184643535396942,0.9434689767717985,0.3143167503165186
diagnostic_h12,seasonal_scaled,12,Продовольствие,49,1007.8367346938776,0.0667859466053227,0.8965109678216022,0.08223326084742728
diagnostic_h12,seasonal_scaled,12,Транспорт,49,227.08163265306123,0.11081344859180178,0.9396004875794081,0.12507476334747716
test,chronos_bolt_tiny,1,Все категории,147,3394.205038265306,0.09643365962318545,0.9074849543761282,0.11512515333961791
test,chronos_bolt_tiny,1,Здоровье,147,110.99829163843272,0.06877710375040406,0.9711494476914441,0.07623705317047025
test,chronos_bolt_tiny,1,Маркетплейсы,147,830.7004676870748,0.14199479611201166,0.7757160644161645,0.2250699095393688
test,chronos_bolt_tiny,1,Общественное питание,147,121.06638969369486,0.07767033537425215,0.9885138703588384,0.15158607373416916
test,chronos_bolt_tiny,1,Продовольствие,147,1319.1222563244048,0.09622117395083793,0.7312607595476514,0.10944856336596583
test,chronos_bolt_tiny,1,Транспорт,147,173.75647844587053,0.08372818004118182,0.967186842195804,0.09697383636562402
test,chronos_bolt_tiny,3,Все категории,98,4717.768375318878,0.13427554050479668,0.8065179579511403,0.15929849842438076
test,chronos_bolt_tiny,3,Здоровье,98,173.7676329320791,0.10705291298550823,0.9305193881586397,0.11568181526179093
test,chronos_bolt_tiny,3,Маркетплейсы,98,1898.2941819794323,0.31138432746826344,0.07506124514537504,0.5306112923274667
test,chronos_bolt_tiny,3,Общественное питание,98,135.12033602656152,0.09076310835677291,0.9810680734242823,0.15230683062428219
test,chronos_bolt_tiny,3,Продовольствие,98,1970.069017059949,0.14593004557933847,0.5447468168219691,0.1637733215351641
test,chronos_bolt_tiny,3,Транспорт,98,185.68170228296395,0.09185806359374685,0.9534885306167862,0.10037085666042596
test,chronos_bolt_tiny,6,Все категории,49,9629.442761479591,0.2472534686305242,0.5243501022115928,0.32400624064996375
test,chronos_bolt_tiny,6,Здоровье,49,284.9879735829879,0.16896452025562217,0.8186244672279239,0.17453736479957024
test,chronos_bolt_tiny,6,Маркетплейсы,49,4004.86124093192,0.554609971443045,-2.256051389960172,1.1566675946832685
test,chronos_bolt_tiny,6,Общественное питание,49,210.50938617939852,0.14298728735899482,0.9645421842569608,0.20825721580281487
test,chronos_bolt_tiny,6,Продовольствие,49,3013.0578962053573,0.19966520057024803,0.2372036814383186,0.24371585722317582
test,chronos_bolt_tiny,6,Транспорт,49,322.32231669523276,0.15728990078941169,0.871960878026877,0.1596299674421943
test,damped_trend,1,Все категории,147,2727.0931778425656,0.07748016761155521,0.9273831582051438,0.09460659472070158
test,damped_trend,1,Здоровье,147,93.81547133138972,0.058130231645096286,0.9782416291159169,0.07095196641317132
test,damped_trend,1,Маркетплейсы,147,560.176404275996,0.09575308719086144,0.8851338416134589,0.15007572833736574
test,damped_trend,1,Общественное питание,147,93.76174927113708,0.06015299976806885,0.9924664952947793,0.13158352275486465
test,damped_trend,1,Продовольствие,147,1307.8894460641397,0.09540181533200806,0.7207699704723385,0.10925717790515302
test,damped_trend,1,Транспорт,147,130.86503401360545,0.06306004372895913,0.9797635173147172,0.08061035249237784
test,damped_trend,3,Все категории,98,5576.384545772594,0.15871318584935828,0.8181563562168137,0.1965193668390477
test,damped_trend,3,Здоровье,98,171.766973760933,0.10582036818675347,0.935528834144105,0.1314148595111696
test,damped_trend,3,Маркетплейсы,98,1149.6710530612247,0.18858486269704977,0.5184847135406263,0.31319691188689175
test,damped_trend,3,Общественное питание,98,205.50160932944615,0.13803965697208742,0.9597133034337312,0.23939829573177535
test,damped_trend,3,Продовольствие,98,2973.510521282797,0.22025854025612382,0.30011631096351465,0.2508011644984135
test,damped_trend,3,Транспорт,98,173.60162332361529,0.0858819622998546,0.9650059516195842,0.11238269092240068
test,damped_trend,6,Все категории,49,2944.6885746938774,0.07561023853241776,0.9448929550183006,0.09652765774989908
test,damped_trend,6,Здоровье,49,309.5657346612247,0.183536256590076,0.852156202380231,0.24020153769268443
test,damped_trend,6,Маркетплейсы,49,2141.2185709714286,0.29652492285187,0.010648635732210976,0.6111763548678302
test,damped_trend,6,Общественное питание,49,386.25617319183704,0.2623622795769281,0.8763167183232509,0.39024548535664766
test,damped_trend,6,Продовольствие,49,847.6220274938775,0.0561690574683171,0.9284393100090125,0.0694760748477626
test,damped_trend,6,Транспорт,49,262.5253386448982,0.12810960436601215,0.9243954617966462,0.16854330783669152
test,last_value,1,Все категории,147,2838.9659863945576,0.08065861564853835,0.9272720230050672,0.09690128341207956
test,last_value,1,Здоровье,147,94.03401360544218,0.05826564548286342,0.9794464626867974,0.06861030492998242
test,last_value,1,Маркетплейсы,147,675.9455782312925,0.11554195320367171,0.8399028072397505,0.18100217118708167
test,last_value,1,Общественное питание,147,83.99319727891157,0.053885969659410296,0.9939873855531618,0.1276684817924771
test,last_value,1,Продовольствие,147,1167.0748299319728,0.08513032790261123,0.7618721348578994,0.09681992337371355
test,last_value,1,Транспорт,147,138.93197278911563,0.06694726628444803,0.9783375647568834,0.08245499982848084
test,last_value,3,Все категории,98,4592.102040816327,0.13069886745809456,0.8380391361566845,0.16046586559077344
test,last_value,3,Здоровье,98,148.53061224489795,0.0915051580092159,0.9531591256607254,0.11122890615846891
test,last_value,3,Маркетплейсы,98,1341.9183673469388,0.22011991202434394,0.4133398621256681,0.3697873475507604
test,last_value,3,Общественное питание,98,101.29591836734694,0.0680425514414575,0.989608518520723,0.14852333850950492
test,last_value,3,Продовольствие,98,2360.938775510204,0.17488316406010843,0.5107930563990157,0.19807824861077378
test,last_value,3,Транспорт,98,126.59183673469387,0.06262588529861633,0.979334919636531,0.08219068978272705
test,last_value,6,Все категории,49,6079.142857142857,0.15609305698786796,0.8095168672742101,0.2064514143040445
test,last_value,6,Здоровье,49,270.40816326530614,0.16032039880455431,0.8752427409291516,0.19496021172341976
test,last_value,6,Маркетплейсы,49,2652.3673469387754,0.36731094788189844,-0.4542242486501822,0.7626524564534829
test,last_value,6,Общественное питание,49,172.55102040816325,0.11720428616975562,0.975313170161028,0.22966021704816392
test,last_value,6,Продовольствие,49,1652.6938775510205,0.1095184579619359,0.7357863373152989,0.12973880881490707
test,last_value,6,Транспорт,49,165.42857142857142,0.08072740309923117,0.9628995825365355,0.10253859994561085
test,pooled_ridge,1,Все категории,147,1311.200926792081,0.03725287731482927,0.9874220145174241,0.045437974718879066
test,pooled_ridge,1,Здоровье,147,136.8081289702935,0.08476947474775923,0.9612098727007166,0.09526898820517053
test,pooled_ridge,1,Маркетплейсы,147,484.832043808417,0.08287418857585077,0.9099780519452854,0.1277098819158742
test,pooled_ridge,1,Общественное питание,147,110.02082199007778,0.07058403379947555,0.9890237996289727,0.14809158720239626
test,pooled_ridge,1,Продовольствие,147,482.6032373768208,0.035202688628924686,0.9720506512481003,0.040709442565631505
test,pooled_ridge,1,Транспорт,147,125.52351610585224,0.06048612201349985,0.9822248412366258,0.07762832886481856
test,pooled_ridge,3,Все категории,98,1643.9572099933744,0.04678975849968422,0.9815499917825983,0.05559197490265478
test,pooled_ridge,3,Здоровье,98,156.07890438401614,0.09615542945461256,0.9410254059069393,0.11303113164411574
test,pooled_ridge,3,Маркетплейсы,98,613.7394794200209,0.10067399292171245,0.8728447442866315,0.16356841997782987
test,pooled_ridge,3,Общественное питание,98,96.31928403746073,0.06469964382134394,0.9928265397562296,0.14935369021520276
test,pooled_ridge,3,Продовольствие,98,781.0632104440863,0.05785614052778209,0.9373562557979774,0.06738862459470438
test,pooled_ridge,3,Транспорт,98,145.69719587956612,0.07207744284970231,0.9778366532193297,0.09123533705217639
test,pooled_ridge,6,Все категории,49,1240.548485235706,0.03185334017518383,0.9902795158480188,0.04680418538066865
test,pooled_ridge,6,Здоровье,49,184.56725497425558,0.10942678492550878,0.9272203717446904,0.12284863148097062
test,pooled_ridge,6,Маркетплейсы,49,719.4242741653477,0.09962888902923157,0.8550058727539442,0.18844824271408578
test,pooled_ridge,6,Общественное питание,49,92.05202689669967,0.0625258087572365,0.9939253625603865,0.15629622488223183
test,pooled_ridge,6,Продовольствие,49,1129.328896149817,0.07483682303068555,0.8938121540438309,0.10131816475401692
test,pooled_ridge,6,Транспорт,49,105.24313837378467,0.05135754471891257,0.985014500872247,0.0718373131214711
test,pooled_ridge_news,1,Все категории,147,742.8839196164281,0.021106272083209626,0.9955291663697122,0.026947075809676504
test,pooled_ridge_news,1,Здоровье,147,129.47246743699606,0.0802241295275202,0.966485941528632,0.091403300711284
test,pooled_ridge_news,1,Маркетплейсы,147,438.5291859756114,0.07495946466137068,0.9376825268871869,0.13083850434234315
test,pooled_ridge_news,1,Общественное питание,147,155.30994843123852,0.09963934509100458,0.9745233494793344,0.16323534699016645
test,pooled_ridge_news,1,Продовольствие,147,321.5315941110398,0.02345358612465115,0.9862052376919165,0.027868095061816752
test,pooled_ridge_news,1,Транспорт,147,110.86962148131516,0.053424837516933756,0.9870006037466619,0.07112763799073125
test,pooled_ridge_news,3,Все категории,98,1740.3101852808284,0.04953212455217058,0.9773905069740572,0.061393025753891356
test,pooled_ridge_news,3,Здоровье,98,122.19559129875037,0.07528095872509814,0.9661178111711322,0.09068771835481981
test,pooled_ridge_news,3,Маркетплейсы,98,582.9418253902362,0.0956221380097067,0.8995549655448866,0.17689937965618527
test,pooled_ridge_news,3,Общественное питание,98,190.14909821177957,0.1277270595415466,0.9707945479190817,0.19934273485033904
test,pooled_ridge_news,3,Продовольствие,98,1219.1738274338804,0.09030855805857729,0.8767270023449945,0.10567232653721537
test,pooled_ridge_news,3,Транспорт,98,200.8432779984511,0.09935860332992527,0.9566699736175244,0.11642432721376969
test,pooled_ridge_news,6,Все категории,49,2324.262764608151,0.059679676674233156,0.9704404314217678,0.08199475312430751
test,pooled_ridge_news,6,Здоровье,49,166.36755849594527,0.09863649456485195,0.9396337621307345,0.11097331480732188
test,pooled_ridge_news,6,Маркетплейсы,49,478.1370707579473,0.06621442572058248,0.9265963338106535,0.15872124000164248
test,pooled_ridge_news,6,Общественное питание,49,201.74731879732292,0.13703570358708636,0.9682795303491202,0.22086425306666516
test,pooled_ridge_news,6,Продовольствие,49,1808.683372659546,0.11985535652167495,0.7540622774270102,0.15769924640603797
test,pooled_ridge_news,6,Транспорт,49,245.0421477266849,0.11957799106289646,0.9447425690903051,0.1417326774394046
test,prophet_annual3,1,Все категории,147,2075.354167203356,0.05896343771262902,0.9598955233905018,0.07289485738101346
test,prophet_annual3,1,Здоровье,147,85.06101706776475,0.052705769698161015,0.9843098227049416,0.06779436846416814
test,prophet_annual3,1,Маркетплейсы,147,549.3912757736932,0.09390954408200743,0.8901043265961395,0.1430737809787043
test,prophet_annual3,1,Общественное питание,147,78.21981076423953,0.050182044334022353,0.9955832647075926,0.16112946538462475
test,prophet_annual3,1,Продовольствие,147,717.1860603035897,0.052313941587091954,0.9138171363845129,0.05934898192474826
test,prophet_annual3,1,Транспорт,147,115.16002658192947,0.055492258622189115,0.9863100559750486,0.0866975814317562
test,prophet_annual3,3,Все категории,98,2336.4333825987005,0.06649878297187194,0.9607051103391304,0.08316571116878549
test,prophet_annual3,3,Здоровье,98,94.95367853474507,0.05849805118659367,0.9795069076803576,0.07809914629666943
test,prophet_annual3,3,Маркетплейсы,98,599.1162169881285,0.09827528423842574,0.8907020057679609,0.17094933735218823
test,prophet_annual3,3,Общественное питание,98,117.72990075108034,0.07908159536105579,0.9897231027545665,0.19252263996758023
test,prophet_annual3,3,Продовольствие,98,835.0779431030421,0.06185720461772983,0.9295709380527807,0.06898489253346726
test,prophet_annual3,3,Транспорт,98,139.15358640583605,0.06884027253200166,0.978786660833183,0.10045679511559562
test,prophet_annual3,6,Все категории,49,3643.18184923005,0.09354532462431797,0.9341123089146159,0.1329262527921075
test,prophet_annual3,6,Здоровье,49,99.13573342014986,0.058775889476778864,0.9792601103311108,0.08314422668530196
test,prophet_annual3,6,Маркетплейсы,49,874.6433580295596,0.12112427837992834,0.8056908913100412,0.2703350047021521
test,prophet_annual3,6,Общественное питание,49,153.10413659523817,0.10399510241570678,0.9854305749491232,0.24381680475921183
test,prophet_annual3,6,Продовольствие,49,980.9606041078534,0.0650049559344269,0.9120210805497977,0.08070002094198973
test,prophet_annual3,6,Транспорт,49,153.80025236572203,0.07505290568777019,0.9756406755040485,0.12024978272595654
test,prophet_default,1,Все категории,147,2286.2046427576606,0.06495396649971204,0.9516727059268894,0.07954875438392828
test,prophet_default,1,Здоровье,147,116.0055193443209,0.07187969762231305,0.974833569141838,0.08840737665380445
test,prophet_default,1,Маркетплейсы,147,699.0058579681299,0.11948373468434817,0.7964035571490585,0.18423514390295728
test,prophet_default,1,Общественное питание,147,182.18276487538938,0.1168796433352052,0.975822606571496,0.20525242312160907
test,prophet_default,1,Продовольствие,147,1066.9989598349257,0.07783046038940529,0.8512973441482251,0.08853297689173846
test,prophet_default,1,Транспорт,147,151.01741999637662,0.07277089086926011,0.972538866436649,0.10183024426470132
test,prophet_default,3,Все категории,98,3306.6067089793855,0.09411153065669185,0.9333659175484846,0.114699155632603
test,prophet_default,3,Здоровье,98,115.67331546024646,0.07126278447696437,0.9711974744397924,0.08956383323423905
test,prophet_default,3,Маркетплейсы,98,1050.7609279827784,0.17236026322783668,0.6837740976517912,0.2831046661545318
test,prophet_default,3,Общественное питание,98,140.44913772203907,0.09434257403841029,0.9810638853363864,0.17659515758361113
test,prophet_default,3,Продовольствие,98,1579.61253452876,0.11700753992135993,0.7943185988164525,0.13051889456101176
test,prophet_default,3,Транспорт,98,122.18418961967434,0.06044539080717065,0.9819865199008548,0.09026861680024743
test,prophet_default,6,Все категории,49,4315.033070210365,0.11079632750223645,0.9123044269097593,0.1556139070472032
test,prophet_default,6,Здоровье,49,118.38977761868199,0.07019128466024681,0.9730220875995752,0.10161007420693569
test,prophet_default,6,Маркетплейсы,49,1454.6616857748345,0.20144764761416295,0.5471927152185048,0.42556807616134557
test,prophet_default,6,Общественное питание,49,152.58378711349624,0.10364165802910098,0.9827615009892113,0.1945431171687375
test,prophet_default,6,Продовольствие,49,1214.1343124580667,0.08045659239454513,0.8658709683738728,0.09802844301871821
test,prophet_default,6,Транспорт,49,144.61765267890712,0.07057189361098723,0.9735922981761705,0.10911204998261774
test,seasonal_naive,1,Все категории,147,4869.013605442177,0.13833483700437804,0.8584188258020427,0.16398407752399485
test,seasonal_naive,1,Здоровье,147,207.04761904761904,0.128291484186966,0.9079875628706828,0.13873285320219983
test,seasonal_naive,1,Маркетплейсы,147,1904.251700680272,0.3255009988581156,0.13170323286359842,0.5426916134398272
test,seasonal_naive,1,Общественное питание,147,294.63945578231295,0.18902641272279733,0.9323537161295955,0.29036794466443255
test,seasonal_naive,1,Продовольствие,147,1192.4625850340135,0.08698219537598814,0.8417612422456181,0.09660452868294034
test,seasonal_naive,1,Транспорт,147,259.3537414965986,0.1249750049990002,0.9214466581370883,0.14053634858289282
test,seasonal_naive,3,Все категории,98,4471.948979591837,0.12727911134551648,0.8801299177535572,0.14820827326754993
test,seasonal_naive,3,Здоровье,98,176.89795918367346,0.10898141105027252,0.9323771600218889,0.1211617736939909
test,seasonal_naive,3,Маркетплейсы,98,1893.908163265306,0.31066487233821755,0.2147992082979041,0.5566810902935025
test,seasonal_naive,3,Общественное питание,98,255.3673469387755,0.17153549837553292,0.9478337967214882,0.2630985620329687
test,seasonal_naive,3,Продовольствие,98,912.8775510204082,0.0676200993341693,0.914631063911294,0.07263980569948533
test,seasonal_naive,3,Транспорт,98,226.3469387755102,0.11197544637223178,0.9377271496464092,0.12455771797773726
test,seasonal_naive,6,Все категории,49,5024.673469387755,0.12901763630723312,0.8661611369307537,0.1677372243433819
test,seasonal_naive,6,Здоровье,49,161.22448979591837,0.09558725664573427,0.9473323782054622,0.10879842083230046
test,seasonal_naive,6,Маркетплейсы,49,2126.673469387755,0.29451065621723366,0.051764510282134135,0.6469048556872686
test,seasonal_naive,6,Общественное питание,49,271.83673469387753,0.184643535396942,0.9434689767717985,0.30683507732272924
test,seasonal_naive,6,Продовольствие,49,1007.8367346938776,0.0667859466053227,0.8965109678216022,0.07977552878521722
test,seasonal_naive,6,Транспорт,49,227.08163265306123,0.11081344859180178,0.9396004875794081,0.12384122782840205
test,seasonal_scaled,1,Все категории,147,1093.6282016576604,0.03107136091191195,0.9907307306173092,0.04080737955926416
test,seasonal_scaled,1,Здоровье,147,111.32421393941702,0.06897905273158646,0.9738615165165582,0.08900993232524644
test,seasonal_scaled,1,Маркетплейсы,147,715.6601910715349,0.12233052329876164,0.8118270590050441,0.18779829786305202
test,seasonal_scaled,1,Общественное питание,147,108.20229952995273,0.06941735781515916,0.9914616074261833,0.20085948624741162
test,seasonal_scaled,1,Продовольствие,147,437.9532970095546,0.03194577316231406,0.9741446553476647,0.037732573534464124
test,seasonal_scaled,1,Транспорт,147,126.19067617787124,0.060807606997115564,0.9809368884895883,0.08969833682950497
test,seasonal_scaled,3,Все категории,98,1319.8959817025063,0.037566436555129555,0.9870250671485663,0.046001010117917254
test,seasonal_scaled,3,Здоровье,98,123.75850182047635,0.07624381999715026,0.9660352215128434,0.09689898463088197
test,seasonal_scaled,3,Маркетплейсы,98,919.5759455840828,0.15084149764032437,0.7541723869573826,0.2510946744711392
test,seasonal_scaled,3,Общественное питание,98,136.96028942540056,0.0919990428920261,0.985048082530421,0.21881007247034673
test,seasonal_scaled,3,Продовольствие,98,698.0415310515218,0.051706428333480076,0.9531792781673246,0.05937448284575747
test,seasonal_scaled,3,Транспорт,98,144.4440901442256,0.07145752249723171,0.9721282406445361,0.099724640340004
test,seasonal_scaled,6,Все категории,49,1703.113811797905,0.04373054681046595,0.9823540915535842,0.06016163978485966
test,seasonal_scaled,6,Здоровье,49,142.6050490742002,0.08454810706542051,0.9580669033873163,0.10568012138392062
test,seasonal_scaled,6,Маркетплейсы,49,1348.6331654857047,0.18676437369478516,0.5520186141439497,0.38556058056155884
test,seasonal_scaled,6,Общественное питание,49,157.89305627418565,0.10724794850822852,0.9824250709835198,0.2687676530563221
test,seasonal_scaled,6,Продовольствие,49,847.5685075298466,0.05616551088052461,0.9353520930269954,0.07368246010501464
test,seasonal_scaled,6,Транспорт,49,159.227854543173,0.07770151847005813,0.967190804877262,0.11211337476183736
validation,chronos_bolt_tiny,1,Все категории,98,3677.057148836097,0.1258722471653764,0.849065251029075,0.13496295428469193
validation,chronos_bolt_tiny,1,Здоровье,98,101.75976687061544,0.06640203720341392,0.9663153652257526,0.07142448548329848
validation,chronos_bolt_tiny,1,Маркетплейсы,98,943.8373338349012,0.2340037308508999,0.1611813888562893,0.2858985180196557
validation,chronos_bolt_tiny,1,Общественное питание,98,60.0380859375,0.04646984079071035,0.9962090364607474,0.09597984048655163
validation,chronos_bolt_tiny,1,Продовольствие,98,1486.6351642219388,0.12476353380508867,0.6097260173325494,0.1288227965388977
validation,chronos_bolt_tiny,1,Транспорт,98,127.35864911760602,0.07238385207635209,0.9748564877120999,0.07473242622794223
validation,chronos_bolt_tiny,3,Все категории,98,2212.1064453125,0.06785296757646612,0.9549457096062189,0.08297317415694996
validation,chronos_bolt_tiny,3,Здоровье,98,158.7336973852041,0.10296807773456892,0.9445689929551903,0.12386690564595383
validation,chronos_bolt_tiny,3,Маркетплейсы,98,530.3479427415498,0.11562801369689445,0.8290253306247939,0.15992242404706256
validation,chronos_bolt_tiny,3,Общественное питание,98,260.9990028069944,0.17254851908500937,0.9435520135514307,0.25674263230329675
validation,chronos_bolt_tiny,3,Продовольствие,98,916.9328663105867,0.06911566672776628,0.8510193510804673,0.08089221012490964
validation,chronos_bolt_tiny,3,Транспорт,98,167.26419596769372,0.08878093951153902,0.9487546627677016,0.09824956456055906
validation,chronos_bolt_tiny,6,Все категории,49,2579.374601403061,0.07848037978559515,0.9454785206353576,0.09467047965376171
validation,chronos_bolt_tiny,6,Здоровье,49,138.88190070950256,0.0975475987954306,0.9529695405861337,0.12373635998326757
validation,chronos_bolt_tiny,6,Маркетплейсы,49,416.3245924346301,0.09112592423691454,0.8636554243221048,0.15828363479829355
validation,chronos_bolt_tiny,6,Общественное питание,49,457.9321279720384,0.28385419697191505,0.8446041711944643,0.38994439466841685
validation,chronos_bolt_tiny,6,Продовольствие,49,1041.527044802296,0.07743354771630184,0.8419820155535584,0.0950540630714953
validation,chronos_bolt_tiny,6,Транспорт,49,284.8742414202009,0.14366560825826807,0.8988842053733025,0.15532326341542466
validation,damped_trend,1,Все категории,98,4464.333002915453,0.1528221086662716,0.7544670686861044,0.16326919024747222
validation,damped_trend,1,Здоровье,98,137.37574344023326,0.08964278817937357,0.9367475803933373,0.09420875250386772
validation,damped_trend,1,Маркетплейсы,98,1067.665131195335,0.26470411271400957,-0.012540330746946937,0.327810111463025
validation,damped_trend,1,Общественное питание,98,66.85160349854226,0.05174354449632064,0.9952108684341597,0.11449924994003502
validation,damped_trend,1,Продовольствие,98,1902.8500291545188,0.15969371615307193,0.28527018161482864,0.1642141359383186
validation,damped_trend,1,Транспорт,98,134.59673469387758,0.07649759322623675,0.9699291171868674,0.07899229267766443
validation,damped_trend,3,Все категории,98,2097.5325970845483,0.06433859075911369,0.9548159819999343,0.07787663496072202
validation,damped_trend,3,Здоровье,98,196.55664139941692,0.1275032325476939,0.9071597292250945,0.15037249604858507
validation,damped_trend,3,Маркетплейсы,98,832.6177049562684,0.18152975364679907,0.43177960924772574,0.2500894778874826
validation,damped_trend,3,Общественное питание,98,222.09413177842563,0.14682819904939226,0.9633081759881754,0.26677067169020363
validation,damped_trend,3,Продовольствие,98,952.9382437317787,0.07182964477096102,0.8160619278242526,0.08187456330145225
validation,damped_trend,3,Транспорт,98,190.08771778425657,0.10089526976681928,0.9434234807442494,0.11464297062708347
validation,damped_trend,6,Все категории,49,3650.55346494694,0.11107220416949716,0.8901408091467405,0.1299501090026106
validation,damped_trend,6,Здоровье,49,326.17299173877564,0.22909675035763954,0.7657024154720222,0.2506780663337748
validation,damped_trend,6,Маркетплейсы,49,1848.8215643428573,0.4046736053103433,-1.085188331062255,0.540629032039027
validation,damped_trend,6,Общественное питание,49,530.8933033795917,0.32907997299936737,0.8195466611116291,0.5561498648936124
validation,damped_trend,6,Продовольствие,49,1535.3323728979597,0.11414608305225933,0.6267750725429637,0.12740475456731368
validation,damped_trend,6,Транспорт,49,303.11955252244877,0.15286694462444156,0.8841239512117662,0.1885476557868021
validation,last_value,1,Все категории,98,4033.887755102041,0.1380871974503604,0.7931041182566342,0.14793480716651417
validation,last_value,1,Здоровье,98,114.61224489795919,0.07478875771558699,0.9567578067014199,0.07952895312544404
validation,last_value,1,Маркетплейсы,98,887.0510204081633,0.2199248120300752,0.3084197673070903,0.2694560978230782
validation,last_value,1,Общественное питание,98,62.1530612244898,0.048106844424787146,0.9960896764095286,0.10740720804775145
validation,last_value,1,Продовольствие,98,1730.0204081632653,0.14518926019776815,0.3794037679769988,0.14981131989201454
validation,last_value,1,Транспорт,98,138.6530612244898,0.07880299251870324,0.97066166693976,0.08292591698127533
validation,last_value,3,Все категории,98,1304.5816326530612,0.04001603783978686,0.9835152482834194,0.049521282351714636
validation,last_value,3,Здоровье,98,176.6734693877551,0.11460532847923217,0.9315889736433955,0.1328693702468851
validation,last_value,3,Маркетплейсы,98,433.88775510204084,0.09459748072276827,0.8635779062080292,0.12865070054060904
validation,last_value,3,Общественное питание,98,203.39795918367346,0.13446801046979143,0.9679799471293171,0.22285489337447095
validation,last_value,3,Продовольствие,98,782.5918367346939,0.0589894402948626,0.9024369592916828,0.06885205764332508
validation,last_value,3,Транспорт,98,160.66326530612244,0.08527727979288643,0.9583957238505455,0.09699881674611277
validation,last_value,6,Все категории,49,1525.8163265306123,0.046424681674405666,0.9797838605338077,0.05655492720249654
validation,last_value,6,Здоровье,49,176.81632653061226,0.12419190688473833,0.9310700142768762,0.14499754365872072
validation,last_value,6,Маркетплейсы,49,671.8571428571429,0.14705737833069038,0.6693891953521435,0.19106735632733102
validation,last_value,6,Общественное питание,49,396.2244897959184,0.24560404807084124,0.8938300425872642,0.40343446898038904
validation,last_value,6,Продовольствие,49,820.1224489795918,0.06097296378734567,0.8874123374437604,0.06913284988408584
validation,last_value,6,Транспорт,49,220.0612244897959,0.11097960107861098,0.9394529698130409,0.13142831712210548
validation,pooled_ridge,1,Все категории,98,9754.332237291877,0.33390825015984293,-0.32974524890815293,0.34507040538340783
validation,pooled_ridge,1,Здоровье,98,274.96398961013915,0.17942424230301454,0.7550558609487781,0.17880268062113952
validation,pooled_ridge,1,Маркетплейсы,98,1841.009652627533,0.4564378964508298,-1.50612310533496,0.5404664482675589
validation,pooled_ridge,1,Общественное питание,98,127.86876604336189,0.09897119648893064,0.9817245246805381,0.1513849110051129
validation,pooled_ridge,1,Продовольствие,98,4518.080211672621,0.3791728238300746,-3.50772798899194,0.38767588490786525
validation,pooled_ridge,1,Транспорт,98,334.71357118158807,0.1902333119282934,0.8257646929368418,0.19353934502393222
validation,pooled_ridge,3,Все категории,98,14996.086341468328,0.4599819156341695,-1.5589114346997803,0.5264781549146338
validation,pooled_ridge,3,Здоровье,98,356.76513950591607,0.2314279905449596,0.62047781197564,0.25094524608077867
validation,pooled_ridge,3,Маркетплейсы,98,1011.8402827110597,0.220604385610673,0.3213470606312928,0.2765857940643654
validation,pooled_ridge,3,Общественное питание,98,252.29096190281285,0.16679156390131722,0.9169675955994875,0.24097889680102505
validation,pooled_ridge,3,Продовольствие,98,8311.553153170817,0.6265001057668343,-13.187187237193637,0.7092238681820979
validation,pooled_ridge,3,Транспорт,98,610.5675047955799,0.3240786612900555,0.3146603314259405,0.3485548155012471
validation,pooled_ridge,6,Все категории,49,10585.62548325454,0.3220795877194391,0.19411301643666856,0.3724562100303599
validation,pooled_ridge,6,Здоровье,49,372.5933986417608,0.26170142530347434,0.7183496762186583,0.27733908237584853
validation,pooled_ridge,6,Маркетплейсы,49,1920.5834205444553,0.42038097785128675,-1.270124263779234,0.553227413965429
validation,pooled_ridge,6,Общественное питание,49,246.54392288075672,0.15282292499882452,0.9485053847169489,0.24568401194556555
validation,pooled_ridge,6,Продовольствие,49,4685.634751964,0.3483590022535023,-1.9075094423749177,0.39667049207428845
validation,pooled_ridge,6,Транспорт,49,555.2226812990714,0.28000567488992095,0.6512015665836741,0.3072398682321411
validation,pooled_ridge_news,1,Все категории,98,8307.680360318467,0.2843867672864285,0.004061340417775949,0.2998904092352075
validation,pooled_ridge_news,1,Здоровье,98,220.24482548539066,0.14371795008468524,0.8584288167985816,0.14197308952078164
validation,pooled_ridge_news,1,Маркетплейсы,98,895.1945280463992,0.22194381583639564,0.3506147063615631,0.26294509781653297
validation,pooled_ridge_news,1,Общественное питание,98,86.062554173808,0.06661293623954052,0.991950626672108,0.11023480328398821
validation,pooled_ridge_news,1,Продовольствие,98,4613.527550117977,0.38718309260571293,-3.6813731178681834,0.3980604381132305
validation,pooled_ridge_news,1,Транспорт,98,249.24960627129028,0.14166016014954733,0.9091433510376093,0.14718558611853458
validation,pooled_ridge_news,3,Все категории,98,6958.309156193812,0.21343544591297797,0.5305429392989757,0.24886341784458416
validation,pooled_ridge_news,3,Здоровье,98,142.96830948458762,0.09274131609789567,0.9366236955561601,0.09562993262602712
validation,pooled_ridge_news,3,Маркетплейсы,98,1416.3268642151677,0.3087917362480621,-0.031554897806125304,0.4639925536721958
validation,pooled_ridge_news,3,Общественное питание,98,84.58366580416855,0.0559189350010019,0.9941441015028355,0.14962473105563634
validation,pooled_ridge_news,3,Продовольствие,98,5864.54767853979,0.44205212589877435,-6.066743786252282,0.5042686472152272
validation,pooled_ridge_news,3,Транспорт,98,285.0565625660934,0.1513030884591441,0.8916908430723163,0.16665770949770725
validation,pooled_ridge_news,6,Все категории,49,1643.299136780204,0.04999922860591831,0.9746006891013066,0.05722218773991066
validation,pooled_ridge_news,6,Здоровье,49,113.4409383270309,0.07967842521142317,0.9624296263435868,0.08541028254891414
validation,pooled_ridge_news,6,Маркетплейсы,49,1197.2530040588538,0.2620570307948265,0.30307174905885015,0.4148800157838928
validation,pooled_ridge_news,6,Общественное питание,49,134.8419089259756,0.08358321995411518,0.9870451179191666,0.2106877651690613
validation,pooled_ridge_news,6,Продовольствие,49,2000.5957116890327,0.14873663077227858,0.42795367838232456,0.16741114805346338
validation,pooled_ridge_news,6,Транспорт,49,159.29306378344162,0.08033346499031142,0.9669967770856469,0.10230189467464204
validation,prophet_annual3,1,Все категории,98,6073.919937619005,0.2079211501764902,0.5322570805868949,0.22642467241112776
validation,prophet_annual3,1,Здоровье,98,189.63709872422638,0.12374526860546257,0.883610994556972,0.14343904289682397
validation,prophet_annual3,1,Маркетплейсы,98,1115.669264658413,0.2766056829570338,-0.07070999483455864,0.34387176711588907
validation,prophet_annual3,1,Общественное питание,98,86.45064218149439,0.06691331869924692,0.9911579748121735,0.16186051884135044
validation,prophet_annual3,1,Продовольствие,98,2882.5627467017607,0.24191457551163117,-0.7151299473644284,0.2494295021972746
validation,prophet_annual3,1,Транспорт,98,178.02847065898666,0.10118187162663511,0.9520379230196164,0.13330720941716664
validation,prophet_annual3,3,Все категории,98,5177.333360317698,0.15880674882286963,0.7414392277936821,0.20171984246394403
validation,prophet_annual3,3,Здоровье,98,186.07883991909497,0.12070644588496646,0.9132158050065765,0.14841724073731286
validation,prophet_annual3,3,Маркетплейсы,98,876.5178839766628,0.19110099941203432,0.3587504130856809,0.2723303288917975
validation,prophet_annual3,3,Общественное питание,98,161.85955412842821,0.10700664011836508,0.9810457684405159,0.2827865193178904
validation,prophet_annual3,3,Продовольствие,98,2463.4060690725464,0.18568420779837536,-0.23250774898620996,0.2164775801769736
validation,prophet_annual3,3,Транспорт,98,187.51856488108353,0.0995316078834563,0.9542759642635895,0.139728851656519
validation,prophet_annual3,6,Все категории,49,8394.281338606213,0.25540547197859514,0.5035731805170771,0.3028008749359784
validation,prophet_annual3,6,Здоровье,49,269.08909011771243,0.1890022707705791,0.8048493356716105,0.19468169204966235
validation,prophet_annual3,6,Маркетплейсы,49,1555.3709420348507,0.3404425710124749,-0.4964089816651418,0.45937124590335654
validation,prophet_annual3,6,Общественное питание,49,208.5152611163146,0.1292504464857611,0.976385835417247,0.36711843466103294
validation,prophet_annual3,6,Продовольствие,49,4626.677297524926,0.343975741267316,-1.7639032701273942,0.3993801957497878
validation,prophet_annual3,6,Транспорт,49,175.79770902073736,0.08865696200177159,0.9585770892198834,0.12186763318600649
validation,prophet_default,1,Все категории,98,2735.2903077849055,0.09363388268238933,0.9059411337907963,0.09877343610450394
validation,prophet_default,1,Здоровье,98,116.24425985384757,0.07585370824711893,0.9642937368222158,0.09101685014684746
validation,prophet_default,1,Маркетплейсы,98,700.6092392823527,0.17370066851939042,0.6243904160855438,0.20285077565844165
validation,prophet_default,1,Общественное питание,98,106.04846569276872,0.08208215235196215,0.9864781874205625,0.13400534297902114
validation,prophet_default,1,Продовольствие,98,970.2656709546173,0.08142803073100953,0.8156992927196511,0.08571778502548312
validation,prophet_default,1,Транспорт,98,155.83674963845607,0.08856928298189813,0.9594001856437699,0.09429399270522025
validation,prophet_default,3,Все категории,98,1356.6899541705855,0.04161438056777125,0.982919428900394,0.053724918648717604
validation,prophet_default,3,Здоровье,98,189.0849176586778,0.12265644170478521,0.9274529443747426,0.15151091433781966
validation,prophet_default,3,Маркетплейсы,98,565.1363776419859,0.12321269028933558,0.7969987365849998,0.15975503228127147
validation,prophet_default,3,Общественное питание,98,179.9335768725774,0.11895552047756675,0.9711248349032758,0.2382824504761103
validation,prophet_default,3,Продовольствие,98,473.62976556291954,0.03570080016949532,0.9553425699970717,0.04449070069194874
validation,prophet_default,3,Транспорт,98,199.37454521839086,0.10582455699361601,0.9493159817365904,0.12656395190641623
validation,prophet_default,6,Все категории,49,2024.6324377193507,0.061601724135772674,0.9558192175446047,0.06912017063637538
validation,prophet_default,6,Здоровье,49,156.14622473812497,0.1096736810654376,0.9324375152951543,0.1199113539167771
validation,prophet_default,6,Маркетплейсы,49,1148.520898659434,0.2513904542215722,0.10890265661698872,0.3216174056081391
validation,prophet_default,6,Общественное питание,49,228.80048161067361,0.14182446045443398,0.963259150446766,0.32503676573724183
validation,prophet_default,6,Продовольствие,49,516.7849876882793,0.038420985036278936,0.9494328189937402,0.045061921672862465
validation,prophet_default,6,Транспорт,49,204.9756721167675,0.10337177017477622,0.9536892470743881,0.15385999145087112
validation,seasonal_naive,1,Все категории,98,3840.214285714286,0.1314574079688812,0.844013113113127,0.12972731487504915
validation,seasonal_naive,1,Здоровье,98,195.5204081632653,0.1275843470965422,0.8841530708020026,0.1282373961019574
validation,seasonal_naive,1,Маркетплейсы,98,1575.530612244898,0.390618200953258,-0.26466326503595994,0.5051936320338917
validation,seasonal_naive,1,Общественное питание,98,261.7040816326531,0.20256053832909474,0.9262158506483635,0.27521174754916816
validation,seasonal_naive,1,Продовольствие,98,1199.3877551020407,0.10065674371922986,0.7797377100365547,0.10109403634061322
validation,seasonal_naive,1,Транспорт,98,257.0612244897959,0.14609986661253843,0.906873158578903,0.1585982027683835
validation,seasonal_naive,3,Все категории,98,4688.561224489796,0.1438144142745538,0.8165162084276947,0.15817627298939962
validation,seasonal_naive,3,Здоровье,98,182.37755102040816,0.11830547741188152,0.9158576410986335,0.12265090885735502
validation,seasonal_naive,3,Маркетплейсы,98,1781.5204081632653,0.3884123036125065,-0.4574957357858491,0.5788946834693554
validation,seasonal_naive,3,Общественное питание,98,328.7551020408163,0.2173426158288135,0.9033437582001785,0.2851989768769172
validation,seasonal_naive,3,Продовольствие,98,1492.908163265306,0.11253096803322127,0.6809397794875167,0.12564621208760157
validation,seasonal_naive,3,Транспорт,98,260.94897959183675,0.13850720077125975,0.904586007335183,0.1463075626130197
validation,seasonal_naive,6,Все категории,49,5207.510204081633,0.15844436799966222,0.8002762018060037,0.1846078997494195
validation,seasonal_naive,6,Здоровье,49,175.51020408163265,0.12327451514413085,0.9172037884030553,0.1183066462702836
validation,seasonal_naive,6,Маркетплейсы,49,1806.8163265306123,0.3954794183994818,-0.5470798960721497,0.6126993042750478
validation,seasonal_naive,6,Общественное питание,49,370.734693877551,0.22980392156862745,0.8942789254766303,0.3257386153587648
validation,seasonal_naive,6,Продовольствие,49,1600.3265306122448,0.11897814981208626,0.6373334839134364,0.13745198477263118
validation,seasonal_naive,6,Транспорт,49,279.2040816326531,0.1408060764496408,0.897391618033363,0.14541835837941247
validation,seasonal_scaled,1,Все категории,98,2232.1968717961076,0.07641209396417348,0.9393367744499173,0.08318580183710372
validation,seasonal_scaled,1,Здоровье,98,155.69640781771253,0.10159770390880343,0.9337069027462475,0.11857869620001552
validation,seasonal_scaled,1,Маркетплейсы,98,797.826855052853,0.1978036404820419,0.525583881232061,0.2677931068864593
validation,seasonal_scaled,1,Общественное питание,98,171.8779888305349,0.1330346004817194,0.9687073104161901,0.25068731400386207
validation,seasonal_scaled,1,Продовольствие,98,674.4585866966106,0.05660288328071092,0.9173438315913569,0.058770475103171044
validation,seasonal_scaled,1,Транспорт,98,216.53748786086638,0.12306833967618688,0.9348286226785592,0.15864988453731688
validation,seasonal_scaled,3,Все категории,98,3092.596477917625,0.09486064695842159,0.8998306883687275,0.11143639251283143
validation,seasonal_scaled,3,Здоровье,98,156.71225974698365,0.10165680261594837,0.9355709915669708,0.11603358004214559
validation,seasonal_scaled,3,Маркетплейсы,98,1040.1804591055886,0.22678319397444166,0.22249121459232735,0.3482922541157132
validation,seasonal_scaled,3,Общественное питание,98,235.30635389668782,0.15556290430040884,0.949824328833251,0.28013102715105215
validation,seasonal_scaled,3,Продовольствие,98,963.9936643305584,0.07266296942723058,0.83003843729635,0.08270541185708485
validation,seasonal_scaled,3,Транспорт,98,227.37605557095736,0.12068727392152985,0.9343190379319218,0.15696365675164486
validation,seasonal_scaled,6,Все категории,49,5207.510204081633,0.15844436799966222,0.8002762018060037,0.1846078997494195
validation,seasonal_scaled,6,Здоровье,49,175.51020408163265,0.12327451514413085,0.9172037884030553,0.1183066462702836
validation,seasonal_scaled,6,Маркетплейсы,49,1806.8163265306123,0.3954794183994818,-0.5470798960721497,0.6126993042750478
validation,seasonal_scaled,6,Общественное питание,49,370.734693877551,0.22980392156862745,0.8942789254766303,0.3257386153587648
validation,seasonal_scaled,6,Продовольствие,49,1600.3265306122448,0.11897814981208626,0.6373334839134364,0.13745198477263118
validation,seasonal_scaled,6,Транспорт,49,279.2040816326531,0.1408060764496408,0.897391618033363,0.14541835837941247
