split,model,horizon,n,mae,wape,r2_pooled,mean_scaled_absolute_error
confirmation,chronos_bolt_tiny,1,1710,965.3519339578194,0.1017221798580427,0.9764559946756991,0.13027845338067123
confirmation,chronos_bolt_tiny,3,1140,1461.069818182159,0.15405984850660648,0.9493086890586232,0.2094044786920274
confirmation,chronos_bolt_tiny,6,570,2826.721199062414,0.26841526656769704,0.8860249373752889,0.38412358135974894
confirmation,prophet_default,1,1710,720.3375161753302,0.07590423740952941,0.9872470430819867,0.1252674098089861
confirmation,prophet_default,3,1140,999.4643071327005,0.10538669530262457,0.9816373241767626,0.14811602400937765
confirmation,prophet_default,6,570,1202.26595942001,0.11416284637127548,0.9784776394078273,0.179621721423405
confirmation,release_candidate,1,1710,432.2491081290817,0.04554745266870333,0.9960730633642765,0.0891834126811074
confirmation,release_candidate,3,1140,562.8031459415764,0.05934375368226984,0.9943764523746513,0.10975812501215
confirmation,release_candidate,6,570,545.6871117639467,0.0518164832156984,0.9958939026723754,0.10882709349704486
confirmation,seasonal_scaled,1,1710,419.2563966636158,0.04417836965758303,0.9966088136707183,0.10207114453323711
confirmation,seasonal_scaled,3,1140,545.8024665086666,0.05755114797284375,0.994683079201008,0.12711880562234035
confirmation,seasonal_scaled,6,570,698.467212975267,0.06632393149410598,0.9931533051244452,0.16641964781915922
diagnostic_h12,chronos_bolt_tiny,12,570,3284.06375372368,0.3118428687531804,0.8507675636211911,0.47770670033451523
diagnostic_h12,prophet_default,12,570,806.8044515337748,0.07661124556545314,0.9878044105468725,0.18155120089860105
diagnostic_h12,release_candidate,12,570,740.2476823319271,0.07029125442054497,0.9917443221141394,0.1977273125015872
diagnostic_h12,seasonal_scaled,12,570,1395.2912280701755,0.1324918308343419,0.9708027906302069,0.24785735525767955
