method,threshold,tp,fp,fn,precision,recall,f1,median_delay,null_series_alarm_rate,cases,split,length
cusum,4.0,221,1081,79,0.16973886328725038,0.7366666666666667,0.27590511860174777,1.0,0.75,500,calibration,60
cusum,6.0,178,565,122,0.2395693135935397,0.5933333333333334,0.3413231064237775,1.0,0.42,500,calibration,60
cusum,8.0,149,297,151,0.33408071748878926,0.49666666666666665,0.39946380697050937,1.0,0.19,500,calibration,60
ewma,2.0,258,1793,42,0.1257922964407606,0.86,0.21948107188430452,1.0,0.97,500,calibration,60
ewma,3.0,197,778,103,0.20205128205128206,0.6566666666666666,0.30901960784313726,1.0,0.57,500,calibration,60
ewma,4.0,156,385,144,0.28835489833641403,0.52,0.37098692033293695,1.0,0.25,500,calibration,60
window,2.0,261,1888,39,0.12145183806421592,0.87,0.21314822376480197,1.0,0.99,500,calibration,60
window,3.0,206,820,94,0.20077972709551656,0.6866666666666666,0.31070889894419307,1.0,0.73,500,calibration,60
window,4.0,167,409,133,0.2899305555555556,0.5566666666666666,0.3812785388127854,1.0,0.31,500,calibration,60
cusum,8.0,114,293,186,0.2800982800982801,0.38,0.3224893917963225,1.0,0.15,500,test,60
ewma,4.0,125,366,175,0.2545824847250509,0.4166666666666667,0.31605562579013907,1.0,0.21,500,test,60
window,4.0,145,400,155,0.26605504587155965,0.48333333333333334,0.3431952662721893,1.0,0.32,500,test,60
cusum,8.0,98,75,202,0.5664739884393064,0.32666666666666666,0.4143763213530655,1.0,0.04,500,test,24
ewma,4.0,106,105,194,0.5023696682464455,0.35333333333333333,0.41487279843444225,1.0,0.05,500,test,24
window,4.0,118,114,182,0.5086206896551724,0.3933333333333333,0.44360902255639095,1.0,0.12,500,test,24
