horizon,category,model,n,mae,wape,r2
1,Все категории,seasonal,25038,4066.657461308162,0.13303509912297512,0.8323773179012283
1,Все категории,pooled_growth,25038,1693.4243422715417,0.05539804553857946,0.9569613797428715
1,Все категории,shrink_growth,25038,1517.4590126246503,0.049641582080688224,0.964815748205171
1,Все категории,factor_state,25038,1376.3246460650998,0.04502456561850793,0.9664419257417782
1,Все категории,factor_damped,25038,1348.6535719282929,0.0441193445307586,0.9691857768824527
1,Все категории,factor_boost,25038,1346.1234499386594,0.04403657507380615,0.9693613863214422
1,Все категории,online_mix,25038,1347.2056846088014,0.04407197889081963,0.9707735340996414
1,Здоровье,seasonal,25038,178.29899809864764,0.12177248889267332,0.8943868983873017
1,Здоровье,pooled_growth,25038,132.82962665465436,0.09071836863307942,0.9341037583128317
1,Здоровье,shrink_growth,25038,119.23073392112993,0.08143076168068611,0.9478951614157979
1,Здоровье,factor_state,25038,106.06917304831532,0.07244183834243872,0.9516221665638583
1,Здоровье,factor_damped,25038,101.36922043762316,0.06923192166772499,0.9578796068838873
1,Здоровье,factor_boost,25038,107.70357217337717,0.07355808044937796,0.9509724034490069
1,Здоровье,online_mix,25038,101.79810365708519,0.06952483513126166,0.9596836864393131
1,Маркетплейсы,seasonal,25038,1661.4057073205438,0.35168371073116833,-0.1015285679322182
1,Маркетплейсы,pooled_growth,25038,604.5823769893981,0.1279770334515165,0.7371162860959317
1,Маркетплейсы,shrink_growth,25038,525.1243198012097,0.11115747861532976,0.8058849634955716
1,Маркетплейсы,factor_state,25038,329.04988447343135,0.06965275481923684,0.929220517345407
1,Маркетплейсы,factor_damped,25038,345.0140332219973,0.07303202036877839,0.9228477511567895
1,Маркетплейсы,factor_boost,25038,329.29624882755775,0.06970490483284837,0.928917141764865
1,Маркетплейсы,online_mix,25038,352.1611038454722,0.07454490088113383,0.9202402900985912
1,Общественное питание,seasonal,25038,242.92539813653522,0.1951740025696653,0.9270251499792295
1,Общественное питание,pooled_growth,25038,175.65920884984894,0.14113020352106842,0.9527313932924758
1,Общественное питание,shrink_growth,25038,148.94045283262,0.11966350388584154,0.9673570260906548
1,Общественное питание,factor_state,25038,113.9795252632642,0.09157478109439332,0.9784935822543823
1,Общественное питание,factor_damped,25038,112.53247223388894,0.09041217259878023,0.9791228765376339
1,Общественное питание,factor_boost,25038,105.32182485701688,0.08461890882126614,0.98071686392186
1,Общественное питание,online_mix,25038,111.74579593987986,0.08978013180680786,0.9790738459475103
1,Продовольствие,seasonal,25038,1197.2240094435967,0.09547088109413811,0.8140632643877027
1,Продовольствие,pooled_growth,25038,669.9544099172472,0.05342453651378789,0.9117398624894106
1,Продовольствие,shrink_growth,25038,613.7823867373336,0.048945180517311476,0.9225892220089909
1,Продовольствие,factor_state,25038,522.7797940042758,0.04168831159257803,0.9379002705222744
1,Продовольствие,factor_damped,25038,517.4761817829185,0.04126538277745182,0.9400321329438555
1,Продовольствие,factor_boost,25038,526.2384623590539,0.041964118052052996,0.9367913831268941
1,Продовольствие,online_mix,25038,526.7725483721243,0.04200670796158178,0.9393759319173083
1,Транспорт,seasonal,25038,233.3282617981995,0.13094344624819257,0.9044862751510758
1,Транспорт,pooled_growth,25038,190.66656477749441,0.10700177031217238,0.9271438693343825
1,Транспорт,shrink_growth,25038,163.10426464159042,0.09153385168753647,0.9477337360356779
1,Транспорт,factor_state,25038,119.34446388601269,0.06697592169693202,0.9689682945027123
1,Транспорт,factor_damped,25038,118.58653150613088,0.06655057126111273,0.9700295920683394
1,Транспорт,factor_boost,25038,118.81286667715293,0.0666775901960347,0.9689597310534892
1,Транспорт,online_mix,25038,121.40496556029014,0.06813227193136444,0.9687324554733922
3,Все категории,seasonal,20865,4331.317382511915,0.13797737785035247,0.8237245721040647
3,Все категории,pooled_growth,20865,1877.6952015909444,0.059815395049036164,0.9539911872370694
3,Все категории,shrink_growth,20865,1761.5892256187656,0.05611675172585706,0.9601737792386627
3,Все категории,factor_state,20865,1945.7041062928683,0.06198186993705372,0.944398279535663
3,Все категории,factor_damped,20865,1804.2624165131774,0.057476138366026074,0.9567463591259593
3,Все категории,factor_boost,20865,1935.6466697750911,0.061661482720863504,0.9462375005603404
3,Все категории,online_mix,20865,1786.2142883911004,0.056901201649671385,0.958113537727036
3,Здоровье,seasonal,20865,181.32856566590212,0.12313419453961515,0.8968105216442039
3,Здоровье,pooled_growth,20865,141.26488536981526,0.09592828252329919,0.9312568433971602
3,Здоровье,shrink_growth,20865,130.49761017513345,0.08861658426100581,0.9423635927169303
3,Здоровье,factor_state,20865,145.76240972751685,0.09898240164222642,0.9079967989633243
3,Здоровье,factor_damped,20865,130.63933521390948,0.0887128250183939,0.9350371867486813
3,Здоровье,factor_boost,20865,145.58957021735202,0.09886503208277168,0.9095985998573741
3,Здоровье,online_mix,20865,128.22301913051987,0.08707198517835736,0.9386513916249423
3,Маркетплейсы,seasonal,20865,1719.2745280126587,0.34855706655573904,-0.17183506756956635
3,Маркетплейсы,pooled_growth,20865,713.9762938144233,0.1447479611356526,0.6273804093759333
3,Маркетплейсы,shrink_growth,20865,656.3510187424937,0.13306530283339954,0.6916394944797292
3,Маркетплейсы,factor_state,20865,496.3869776568939,0.10063499807011751,0.8355187627892044
3,Маркетплейсы,factor_damped,20865,555.7983620890416,0.11267976319650007,0.7882736723362853
3,Маркетплейсы,factor_boost,20865,505.68361863235543,0.10251975228151992,0.8304912414463117
3,Маркетплейсы,online_mix,20865,538.1007544738864,0.10909183928156634,0.8059611801658447
3,Общественное питание,seasonal,20865,251.45898759599694,0.19517293669833463,0.9262070539641302
3,Общественное питание,pooled_growth,20865,205.8134711421383,0.15974461664272024,0.9376745922591129
3,Общественное питание,shrink_growth,20865,181.40857333004953,0.14080245982683098,0.954423787443198
3,Общественное питание,factor_state,20865,181.7819083265743,0.14109222830295745,0.951155896623796
3,Общественное питание,factor_damped,20865,179.03815139341347,0.1389626281508572,0.9529421563543315
3,Общественное питание,factor_boost,20865,174.48774874432848,0.1354307780600238,0.954220280532139
3,Общественное питание,online_mix,20865,173.90938964105555,0.13498187764198286,0.9570051743679915
3,Продовольствие,seasonal,20865,1246.6470548005127,0.0973271081639229,0.8036455587814507
3,Продовольствие,pooled_growth,20865,760.5326065770312,0.05937561796458712,0.9003340915209388
3,Продовольствие,shrink_growth,20865,729.6346687053571,0.056963381935392944,0.9077375718205681
3,Продовольствие,factor_state,20865,690.4250054067381,0.05390224035065921,0.915327775140782
3,Продовольствие,factor_damped,20865,683.6978161669193,0.053377041279870245,0.9193945141186145
3,Продовольствие,factor_boost,20865,699.0718752541964,0.054577311000112275,0.9142425354276367
3,Продовольствие,online_mix,20865,683.0994863580158,0.053330329012910155,0.9196859370545656
3,Транспорт,seasonal,20865,232.4957293104957,0.1271379773266588,0.9076517586584139
3,Транспорт,pooled_growth,20865,207.64193616832563,0.11354692772604129,0.9148895973586041
3,Транспорт,shrink_growth,20865,185.57582933231166,0.10148029665748459,0.935670432577305
3,Транспорт,factor_state,20865,181.29724481966358,0.09914059526867854,0.935263887805475
3,Транспорт,factor_damped,20865,175.4652745256969,0.09595144031429284,0.9364900325201706
3,Транспорт,factor_boost,20865,181.1069351314668,0.0990365263083808,0.9360948234039151
3,Транспорт,online_mix,20865,171.1102734907754,0.0935699513102691,0.9409032062622609
6,Все категории,seasonal,14593,4346.763191256081,0.13630206440303277,0.8337440354210777
6,Все категории,pooled_growth,14593,1884.4175997350696,0.059089947563275506,0.9597648997815943
6,Все категории,shrink_growth,14593,1789.1882596156797,0.056103827758975655,0.9639966292391167
6,Все категории,factor_state,14593,2036.1023157206962,0.06384634652441931,0.9463024810061533
6,Все категории,factor_damped,14593,1869.2994537842367,0.058615885735571145,0.9609351521396
6,Все категории,factor_boost,14593,1942.868675024299,0.06092280614745727,0.9511612153599276
6,Все категории,online_mix,14593,1840.408470647376,0.057709947116207486,0.9617588483057914
6,Здоровье,seasonal,14593,177.4004659768382,0.12080549033014301,0.9022412053761719
6,Здоровье,pooled_growth,14593,143.42780179253688,0.0976709155024667,0.9301946131870734
6,Здоровье,shrink_growth,14593,133.53137398491236,0.09093168397207696,0.940217380474517
6,Здоровье,factor_state,14593,151.679060998072,0.10328982641500016,0.9047405945260418
6,Здоровье,factor_damped,14593,138.98880628706775,0.09464806533316943,0.9320811760809862
6,Здоровье,factor_boost,14593,149.01178810580376,0.1014734771296672,0.9082307741633802
6,Здоровье,online_mix,14593,135.47968034848904,0.09225843418250733,0.9343899698031558
6,Маркетплейсы,seasonal,14593,1722.4542851595513,0.33139258607320143,-0.11727340567961941
6,Маркетплейсы,pooled_growth,14593,831.7322080432634,0.16002159808746355,0.5396738105638027
6,Маркетплейсы,shrink_growth,14593,803.8297418614824,0.15465328700631115,0.5777517921100701
6,Маркетплейсы,factor_state,14593,682.0688239969436,0.13122702495603067,0.7160045160091597
6,Маркетплейсы,factor_damped,14593,764.0957994334082,0.14700865222582782,0.618513729124668
6,Маркетплейсы,factor_boost,14593,707.3940039393045,0.13609947756402005,0.6864739511839945
6,Маркетплейсы,online_mix,14593,728.1654173766274,0.14009580563768645,0.6598730668401511
6,Общественное питание,seasonal,14593,252.6741108750771,0.19000680047162719,0.9293343260107817
6,Общественное питание,pooled_growth,14593,247.90934092551694,0.18642377136760122,0.9214319854168509
6,Общественное питание,shrink_growth,14593,219.9691339015262,0.16541319247308173,0.9417689500914666
6,Общественное питание,factor_state,14593,207.98454111594233,0.15640097463146058,0.9511263216028916
6,Общественное питание,factor_damped,14593,234.15132473838432,0.17607796812127513,0.9325927847501349
6,Общественное питание,factor_boost,14593,189.03622772989343,0.1421521527464323,0.9593491501281677
6,Общественное питание,online_mix,14593,212.10840856634292,0.1595020555340747,0.9482127291319281
6,Продовольствие,seasonal,14593,1145.4830044085065,0.08935174701522859,0.83578657576141
6,Продовольствие,pooled_growth,14593,788.7361668828624,0.061524225303953614,0.8959857869829111
6,Продовольствие,shrink_growth,14593,775.2201996683519,0.0604699318063031,0.8996192975198869
6,Продовольствие,factor_state,14593,744.9194929046771,0.05810636894704572,0.8994209864628995
6,Продовольствие,factor_damped,14593,751.9838450709133,0.058657413532739906,0.9043035589715871
6,Продовольствие,factor_boost,14593,751.3357889508428,0.05860686285126375,0.8991867675324002
6,Продовольствие,online_mix,14593,732.8320678112555,0.0571635068139051,0.9074982498108108
6,Транспорт,seasonal,14593,233.01573471299025,0.12355480503599281,0.9117582820785941
6,Транспорт,pooled_growth,14593,230.91270936389554,0.12243969198445062,0.9055668178184139
6,Транспорт,shrink_growth,14593,207.25538573083676,0.10989557768780775,0.927972201349115
6,Транспорт,factor_state,14593,216.00041798936354,0.11453256392852924,0.9202601296731401
6,Транспорт,factor_damped,14593,219.29907513135166,0.11628165156229325,0.9152698550676593
6,Транспорт,factor_boost,14593,205.50074436327895,0.10896519256877825,0.9305409428962607
6,Транспорт,online_mix,14593,204.9853471439325,0.10869190714867183,0.9280650671859334
12,Все категории,seasonal,2076,4751.299132947976,0.12915771576463128,0.8364172004877527
12,Все категории,pooled_growth,2076,3985.5361771363187,0.10834147342283616,0.8886416246815801
12,Все категории,shrink_growth,2076,3985.5361771363187,0.10834147342283616,0.8886416246815801
12,Все категории,factor_state,2076,4077.384303934043,0.11083824197444994,0.88245505738135
12,Все категории,factor_damped,2076,3991.3366191315654,0.10849915068490038,0.8883096598658634
12,Все категории,factor_boost,2076,3896.9093482209287,0.10593227154817494,0.8940148193060723
12,Все категории,online_mix,2076,3986.031733555,0.108354944461657,0.888777641687213
12,Здоровье,seasonal,2076,153.28612716763007,0.09729099093287416,0.9320893739908779
12,Здоровье,pooled_growth,2076,116.58568883852215,0.07399715424532449,0.9568519643198461
12,Здоровье,shrink_growth,2076,116.58568883852216,0.0739971542453245,0.9568519643198461
12,Здоровье,factor_state,2076,110.58829062189656,0.07019059440656973,0.9613760600600835
12,Здоровье,factor_damped,2076,116.08703702952282,0.07368065901170846,0.9572478909821941
12,Здоровье,factor_boost,2076,117.54241007271578,0.07460438699783203,0.9573882245087324
12,Здоровье,online_mix,2076,114.3952236685872,0.07260686191473503,0.9587540211603462
12,Маркетплейсы,seasonal,2076,2027.9296724470134,0.29620943179892906,-0.165249698770499
12,Маркетплейсы,pooled_growth,2076,1460.5819498112928,0.21333981909112734,0.20482825149722883
12,Маркетплейсы,shrink_growth,2076,1460.5819498112928,0.21333981909112734,0.20482825149722894
12,Маркетплейсы,factor_state,2076,1450.7080343387534,0.21189758619149113,0.2145673384150798
12,Маркетплейсы,factor_damped,2076,1459.560957494881,0.21319068790673548,0.20583729547467478
12,Маркетплейсы,factor_boost,2076,1508.716208814263,0.220370546883639,0.12016443760134776
12,Маркетплейсы,online_mix,2076,1466.921078371819,0.21426574354231803,0.19192623323563407
12,Общественное питание,seasonal,2076,231.85693641618496,0.18676744313280866,0.9373618748355843
12,Общественное питание,pooled_growth,2076,210.8187655678258,0.16982059030936666,0.9485563699917298
12,Общественное питание,shrink_growth,2076,210.81876556782512,0.16982059030936614,0.9485563699917303
12,Общественное питание,factor_state,2076,217.2436042903509,0.17499598302909428,0.9441763447486881
12,Общественное питание,factor_damped,2076,211.2330378262882,0.1701542985506202,0.948279288006012
12,Общественное питание,factor_boost,2076,175.27122851156145,0.1411860249248315,0.9658726607400364
12,Общественное питание,online_mix,2076,204.80818698135369,0.1649788960659425,0.9516948877474602
12,Продовольствие,seasonal,2076,1023.0284200385354,0.0694542502620223,0.8851495398709939
12,Продовольствие,pooled_growth,2076,2927.930046457318,0.19877960593575797,0.3608737855749935
12,Продовольствие,shrink_growth,2076,2927.9300464573485,0.19877960593576002,0.36087378557498073
12,Продовольствие,factor_state,2076,2926.5935991624333,0.19868887341742045,0.36574589786449485
12,Продовольствие,factor_damped,2076,2927.5440320502735,0.19875339909662573,0.3613862609695617
12,Продовольствие,factor_boost,2076,2995.0124166467695,0.20333388383854809,0.32950659200911947
12,Продовольствие,online_mix,2076,2940.4980431277572,0.19963285768218358,0.3563667413179502
12,Транспорт,seasonal,2076,229.5761078998073,0.120662382299745,0.9189977901051529
12,Транспорт,pooled_growth,2076,158.57950579811745,0.08334744032627246,0.958548827109823
12,Транспорт,shrink_growth,2076,158.57950579811666,0.08334744032627203,0.9585488271098235
12,Транспорт,factor_state,2076,154.15273315370564,0.0810207830009066,0.9602615973834072
12,Транспорт,factor_damped,2076,158.20225652109568,0.08314916274023476,0.9587097612840502
12,Транспорт,factor_boost,2076,134.11381870095738,0.07048857571379356,0.9688160455178902
12,Транспорт,online_mix,2076,151.805033890852,0.07978686110646058,0.9617746554776575
