origin,horizon,model,n,mae,wape,r2
12,1,seasonal,12096,820.2523148148148,0.11370601540647626,0.9772051797640819
12,1,pooled_growth,12096,1210.34781707388,0.1677823092355043,0.9524194331739619
12,1,shrink_growth,12096,1210.347817073883,0.16778230923550477,0.9524194331739618
12,1,factor_state,12096,1311.4159078686748,0.18179269321303762,0.9391287137090805
12,1,factor_damped,12096,1264.6761843190845,0.17531348232873306,0.944644951703336
12,1,factor_boost,12096,1251.91286946905,0.17354419055257592,0.9472381874807042
12,1,online_mix,12096,1217.2232000599613,0.1687353969496393,0.9502504337897133
12,3,seasonal,12096,1245.2621527777778,0.143261836192751,0.9654865335683107
12,3,pooled_growth,12096,1065.5262393183975,0.12258402394692482,0.9748069725724593
12,3,shrink_growth,12096,1065.5262393184016,0.1225840239469253,0.9748069725724591
12,3,factor_state,12096,1180.8442144475684,0.13585084075829482,0.9646796238342408
12,3,factor_damped,12096,1085.377585896086,0.12486783250504603,0.9731107396620567
12,3,factor_boost,12096,1139.0957200430946,0.1310478633664853,0.9678227914024826
12,3,online_mix,12096,1080.1510884318998,0.124266547368494,0.9734366921910814
12,6,seasonal,12096,1455.7373511904761,0.16463422125267607,0.9594994553019043
12,6,pooled_growth,12096,835.3868146669896,0.0944766977126617,0.9857227445993116
12,6,shrink_growth,12096,835.3868146669936,0.09447669771266215,0.9857227445993115
12,6,factor_state,12096,848.3686217693634,0.09594485383368447,0.9850129237816752
12,6,factor_damped,12096,820.2457379393329,0.09276434254505798,0.9867018975415449
12,6,factor_boost,12096,815.4741488335337,0.09222470752372079,0.986467509745903
12,6,online_mix,12096,810.3598729587876,0.0916463169059204,0.9871187427104487
12,12,seasonal,12096,1386.131283068783,0.13124509527870598,0.971011265720094
12,12,pooled_growth,12096,1480.720989081988,0.14020127073605754,0.9724457655096413
12,12,shrink_growth,12096,1480.7209890819927,0.14020127073605798,0.9724457655096411
12,12,factor_state,12096,1495.7662640614972,0.14162582450834407,0.9714595318971555
12,12,factor_damped,12096,1481.6211715099375,0.1402865040252615,0.9723929106014418
12,12,factor_boost,12096,1477.6455736580415,0.13991007668014976,0.9725054358568077
12,12,online_mix,12096,1482.6700451306976,0.14038581606011236,0.9723153673588114
13,1,seasonal,12096,1080.2571097883597,0.1367059846106783,0.9679701263575184
13,1,pooled_growth,12096,616.8673407210694,0.07806424639405157,0.9867830304555999
13,1,shrink_growth,12096,516.3765238340993,0.0653471849256424,0.9908462933601325
13,1,factor_state,12096,270.61484785606063,0.0342461705562665,0.9976199971363898
13,1,factor_damped,12096,294.23265605497755,0.0372349921015481,0.9975418891586416
13,1,factor_boost,12096,283.17585766333264,0.03583575992147227,0.99747144399015
13,1,online_mix,12096,351.73510582220865,0.04451189770274844,0.9963555380796617
13,3,seasonal,12096,1467.1556712962963,0.171887313102355,0.9562446702799182
13,3,pooled_growth,12096,882.5005216301583,0.10339096691792038,0.9811119505441801
13,3,shrink_growth,12096,831.2727087480265,0.09738927855949289,0.9841111641648485
13,3,factor_state,12096,841.5320956201072,0.0985912358418864,0.9836327475715773
13,3,factor_damped,12096,852.3647135118862,0.09986035105556869,0.9832791591853074
13,3,factor_boost,12096,838.0516606100088,0.09818347909594775,0.9834496436202234
13,3,online_mix,12096,840.1575830775294,0.0984302023044156,0.9837963973416992
13,6,seasonal,12096,1395.0896990740741,0.1534113524603551,0.9649834317897299
13,6,pooled_growth,12096,806.3067153928756,0.08866569926534869,0.9862656140551536
13,6,shrink_growth,12096,747.5387231107303,0.08220326377939581,0.9887246162602467
13,6,factor_state,12096,786.2978277825941,0.08646541744005974,0.9828126266456486
13,6,factor_damped,12096,787.3167689830664,0.0865774655382901,0.9866741523456786
13,6,factor_boost,12096,782.7160256897145,0.08607154376750757,0.9835427600684257
13,6,online_mix,12096,761.491265951715,0.08373755829029153,0.9871434263846751
14,1,seasonal,12096,1245.2621527777778,0.143261836192751,0.9654865335683107
14,1,pooled_growth,12096,643.2638238365679,0.07400462332660528,0.9884775748133997
14,1,shrink_growth,12096,531.2198707403332,0.06111446809378538,0.9922410690381245
14,1,factor_state,12096,326.73063490617676,0.037588896918346576,0.9973600208967585
14,1,factor_damped,12096,358.73416185819684,0.04127075942863261,0.9966140752430571
14,1,factor_boost,12096,338.09253971639623,0.03889603320457222,0.9970227270464892
14,1,online_mix,12096,404.55102464445514,0.04654178439049222,0.9954648033389759
14,3,seasonal,12096,1392.4561011904761,0.1605281528701709,0.962339015289536
14,3,pooled_growth,12096,714.5805474186707,0.08237982889083795,0.9884540472871652
14,3,shrink_growth,12096,652.0861621636552,0.07517521524365184,0.9909442791024702
14,3,factor_state,12096,698.184657825284,0.08048964228542944,0.9880155223881335
14,3,factor_damped,12096,688.0477994883938,0.07932102293481841,0.9889810481521577
14,3,factor_boost,12096,704.983569629184,0.08127344922374091,0.9875373067520486
14,3,online_mix,12096,677.1182875969981,0.07806102317310361,0.9894222118698504
14,6,seasonal,12096,1336.06853505291,0.14696954279817243,0.9665533045574957
14,6,pooled_growth,12096,671.316443337786,0.07384581566120219,0.990270653468905
14,6,shrink_growth,12096,608.2942125782528,0.0669132757518758,0.9921421162643913
14,6,factor_state,12096,696.3197548542364,0.07659621742997631,0.9853192755411286
14,6,factor_damped,12096,664.1778775888154,0.07306056272182407,0.9898973512191541
14,6,factor_boost,12096,673.8761218933568,0.0741273841415254,0.9861007124650428
14,6,online_mix,12096,645.2833588540316,0.07098213732148882,0.9898995748000938
15,1,seasonal,12096,1467.1556712962963,0.171887313102355,0.9562446702799182
15,1,pooled_growth,12096,686.62042610719,0.08044227512713899,0.9885763573534122
15,1,shrink_growth,12096,622.8649820602383,0.07297288916675516,0.9911062724375888
15,1,factor_state,12096,621.782328412394,0.07284604889330007,0.9910009020531623
15,1,factor_damped,12096,624.1338344505103,0.07312154389532576,0.9909342932157885
15,1,factor_boost,12096,634.6498407991459,0.07435356590307712,0.9906862615101449
15,1,online_mix,12096,621.1329136707859,0.07276996551836723,0.9910573349671989
15,3,seasonal,12096,1455.7373511904761,0.16463422125267607,0.9594994553019043
15,3,pooled_growth,12096,678.0894342098119,0.07668740920160191,0.9897760942066178
15,3,shrink_growth,12096,611.9439127319511,0.06920679025000719,0.992031979445042
15,3,factor_state,12096,626.6545014808632,0.0708704600877461,0.9895145772128957
15,3,factor_damped,12096,632.2794316939214,0.07150660231798439,0.9906174700741323
15,3,factor_boost,12096,632.9108635270616,0.07157801306253811,0.989399509275132
15,3,online_mix,12096,620.2444922140229,0.07014553063326334,0.9910704897250716
15,6,seasonal,12096,1136.9820601851852,0.13431510492073082,0.9716031570831382
15,6,pooled_growth,12096,546.7024689915156,0.06458360431039525,0.9937331147093981
15,6,shrink_growth,12096,496.16310151465956,0.058613237069793704,0.9947888132718665
15,6,factor_state,12096,547.4787007022503,0.06467530289326749,0.9919993553673846
15,6,factor_damped,12096,531.3423146353722,0.06276906315254445,0.9938541683496531
15,6,factor_boost,12096,499.47759396105494,0.059004788015306474,0.9933553706732816
15,6,online_mix,12096,504.2406357971669,0.05956746044995773,0.9942745982548918
16,1,seasonal,12096,1392.4561011904761,0.1605281528701709,0.962339015289536
16,1,pooled_growth,12096,550.0084392534936,0.06340726917055703,0.9932761152461925
16,1,shrink_growth,12096,471.85593199623145,0.05439752184605967,0.9953082330971845
16,1,factor_state,12096,432.29570993185257,0.049836854281962564,0.995448724427089
16,1,factor_damped,12096,438.0027269984141,0.05049478303627692,0.9954758129060433
16,1,factor_boost,12096,436.2972802029208,0.05029817200942671,0.9952965720040153
16,1,online_mix,12096,436.62634426150265,0.050336107887947366,0.9956133802863453
16,3,seasonal,12096,1395.0896990740741,0.1534113524603551,0.9649834317897299
16,3,pooled_growth,12096,559.6758472430232,0.061544880391514095,0.9937472095546281
16,3,shrink_growth,12096,481.5586178683165,0.05295470169778322,0.9954789368257818
16,3,factor_state,12096,464.7445498978743,0.05110573893258047,0.9922366218403846
16,3,factor_damped,12096,480.6846049195939,0.05285859066734525,0.994385104192457
16,3,factor_boost,12096,469.04484420109054,0.05157862176260338,0.9920383791350623
16,3,online_mix,12096,465.0827954360045,0.051142934179239284,0.9947864639763504
16,6,seasonal,12096,1333.9569279100529,0.1495697481536915,0.9660776099956055
16,6,pooled_growth,12096,601.9888741529796,0.06749792471894317,0.9931569569585811
16,6,shrink_growth,12096,550.1692865732784,0.06168766015825213,0.9941008713755769
16,6,factor_state,12096,584.5763608622307,0.06554554891644968,0.9918058524356809
16,6,factor_damped,12096,581.6890158172151,0.06522180572641102,0.993412320208476
16,6,factor_boost,12096,536.1257072155684,0.06011302563763086,0.9931143373374405
16,6,online_mix,12096,550.4466237481038,0.061718756553138944,0.9938718095697053
17,1,seasonal,12096,1455.7373511904761,0.16463422125267607,0.9594994553019043
17,1,pooled_growth,12096,386.9900919792161,0.04376600790891114,0.9964309570911981
17,1,shrink_growth,12096,328.80309076414966,0.03718544471580698,0.9974054685182175
17,1,factor_state,12096,236.80653209097352,0.026781245233875355,0.9979730741616645
17,1,factor_damped,12096,231.2493412282249,0.02615276387403876,0.9983344306263092
17,1,factor_boost,12096,241.3743790221692,0.027297838369102552,0.9979180676410694
17,1,online_mix,12096,233.5778706107112,0.026416105074452495,0.9984848295331192
17,3,seasonal,12096,1336.06853505291,0.14696954279817243,0.9665533045574957
17,3,pooled_growth,12096,420.1898417745251,0.04622151282949927,0.9961821165590979
17,3,shrink_growth,12096,383.68065885216214,0.04220544794864939,0.9968574207303883
17,3,factor_state,12096,422.6435906479581,0.046491428885905524,0.9951883570756603
17,3,factor_damped,12096,371.34878188871903,0.040848922986336154,0.9970359012629099
17,3,factor_boost,12096,449.4801780898749,0.0494434937561747,0.9948962959397148
17,3,online_mix,12096,370.93930073407483,0.04080387944515274,0.9971809737712822
17,6,seasonal,12096,1143.4837962962963,0.12784882796121022,0.9733830415226317
17,6,pooled_growth,12096,597.080597727677,0.06675744323191299,0.9924860764775587
17,6,shrink_growth,12096,596.4623192893455,0.06668831573404166,0.9925621991319876
17,6,factor_state,12096,536.072231092886,0.059936316255431756,0.9938509054691078
17,6,factor_damped,12096,553.4036526316148,0.0618740804264721,0.9936288098271882
17,6,factor_boost,12096,572.8000494961483,0.06404272209313419,0.9932588809863875
17,6,online_mix,12096,540.2036970790313,0.06039824067080266,0.9939675546307903
18,1,seasonal,12096,1395.0896990740741,0.1534113524603551,0.9649834317897299
18,1,pooled_growth,12096,396.095957032541,0.043556780981732685,0.9962893240941705
18,1,shrink_growth,12096,342.170372801709,0.03762684198601261,0.9972675890095276
18,1,factor_state,12096,298.39726936854976,0.03281332282410859,0.9975848934417032
18,1,factor_damped,12096,277.8715297138152,0.030556205247531342,0.9980430053281125
18,1,factor_boost,12096,284.04852038690336,0.031235459415863587,0.9977245652890301
18,1,online_mix,12096,269.6522915818572,0.029652374878162056,0.998259355676754
18,3,seasonal,12096,1136.9820601851852,0.13431510492073082,0.9716031570831382
18,3,pooled_growth,12096,500.07490519455416,0.05907535018493711,0.9941563397055816
18,3,shrink_growth,12096,477.99893200463714,0.05646744918186587,0.9948253533146371
18,3,factor_state,12096,401.2393630884528,0.04739961081072382,0.9965224898820487
18,3,factor_damped,12096,416.0531137169686,0.049149603655478616,0.9962463090177662
18,3,factor_boost,12096,452.4758110011467,0.05345232625641711,0.9957293356225903
18,3,online_mix,12096,422.75240926117783,0.04994101155488636,0.9961728853013135
18,6,seasonal,12096,1386.131283068783,0.13124509527870598,0.971011265720094
18,6,pooled_growth,12096,700.7295025197025,0.06634819619624367,0.9932279504409923
18,6,shrink_growth,12096,691.2555158039538,0.06545115685778735,0.9935945519516298
18,6,factor_state,12096,675.0773356023302,0.06391933456365563,0.9932577606004923
18,6,factor_damped,12096,661.708332169897,0.06265349766155032,0.9941311143001031
18,6,factor_boost,12096,679.4381491938476,0.06433223585396075,0.993550098323014
18,6,online_mix,12096,648.6450587167781,0.06141660863815953,0.9944323159552636
19,1,seasonal,12096,1336.06853505291,0.14696954279817243,0.9665533045574957
19,1,pooled_growth,12096,421.21045520790256,0.046333781837968366,0.9961799111764926
19,1,shrink_growth,12096,369.9817501315999,0.04069854744266958,0.997165670415721
19,1,factor_state,12096,289.18386003262856,0.031810658344650716,0.9984721567222007
19,1,factor_damped,12096,285.5923258879916,0.03141558420187074,0.998519291439553
19,1,factor_boost,12096,287.74744237929167,0.031652650248329674,0.9984803348256969
19,1,online_mix,12096,286.4940716531671,0.03151477758855041,0.9984930374657423
19,3,seasonal,12096,1333.9569279100529,0.1495697481536915,0.9660776099956055
19,3,pooled_growth,12096,453.8234158048664,0.05088489184919082,0.99569203678186
19,3,shrink_growth,12096,419.0644700901499,0.04698754955285205,0.9963803496655336
19,3,factor_state,12096,400.6334681241769,0.04492097583926911,0.9954273631885889
19,3,factor_damped,12096,367.55989137401195,0.04121260532027922,0.996987329510326
19,3,factor_boost,12096,377.5852897451418,0.04233670181705264,0.9963217266897315
19,3,online_mix,12096,354.2969478511786,0.03972549949176136,0.9972832601604036
20,1,seasonal,12096,1136.9820601851852,0.13431510492073082,0.9716031570831382
20,1,pooled_growth,12096,453.4595087859376,0.053568533429600614,0.9951259722310017
20,1,shrink_growth,12096,410.5264723952243,0.048496724920638744,0.9961786446980191
20,1,factor_state,12096,312.2654573622198,0.036888856154771055,0.9973046958784487
20,1,factor_damped,12096,305.74098705449177,0.03611810088551734,0.9975985004620851
20,1,factor_boost,12096,318.9466342416764,0.0376781236419045,0.9972773374610137
20,1,online_mix,12096,307.84819787240843,0.03636703202701,0.9976932922049349
20,3,seasonal,12096,1143.4837962962963,0.12784882796121022,0.9733830415226317
20,3,pooled_growth,12096,594.312994487198,0.06644800742556144,0.992294417148703
20,3,shrink_growth,12096,560.7990266140464,0.0627009307054626,0.9932659624687464
20,3,factor_state,12096,540.0038506674966,0.060375896559264126,0.9919691973218053
20,3,factor_damped,12096,502.1207468844616,0.05614032240081848,0.9942176707734168
20,3,factor_boost,12096,530.0210403516966,0.05925975429055164,0.9923343344927118
20,3,online_mix,12096,497.49285991160275,0.05562289493281819,0.9945231910363171
21,1,seasonal,12096,1333.9569279100529,0.1495697481536915,0.9660776099956055
21,1,pooled_growth,12096,416.36947525848564,0.046685373605627835,0.9962163547741777
21,1,shrink_growth,12096,361.6502558498669,0.04054998820084095,0.9971699596654567
21,1,factor_state,12096,287.58889601869924,0.03224586780077463,0.9980113889210788
21,1,factor_damped,12096,278.74939763482854,0.031254740186817925,0.998295352656218
21,1,factor_boost,12096,258.7423988992048,0.029011458039105098,0.9983818236127843
21,1,online_mix,12096,265.9147083659262,0.029815652311178466,0.9984954761274789
21,3,seasonal,12096,1386.131283068783,0.13124509527870598,0.971011265720094
21,3,pooled_growth,12096,532.2911474289792,0.05039970110598929,0.9955714432295334
21,3,shrink_growth,12096,488.28069656346827,0.046232595228171684,0.9963405902331703
21,3,factor_state,12096,437.05814836619254,0.041382615792106996,0.9965942379105078
21,3,factor_damped,12096,420.1758749439158,0.039784126809936086,0.9973499726034654
21,3,factor_boost,12096,422.81496925274655,0.04003400803564881,0.9968262279196117
21,3,online_mix,12096,407.8991847717022,0.03862171500158837,0.9975041328368869
22,1,seasonal,12096,1143.4837962962963,0.12784882796121022,0.9733830415226317
22,1,pooled_growth,12096,508.26179331489584,0.05682693080850155,0.9942649719913317
22,1,shrink_growth,12096,454.4616122475744,0.05081172524473539,0.9955218206693448
22,1,factor_state,12096,318.1100477319291,0.035566745149288925,0.9975174474929511
22,1,factor_damped,12096,322.65921181322324,0.03607537089272358,0.9975711089269987
22,1,factor_boost,12096,318.0616138266156,0.03556132992779827,0.9975526090023802
22,1,online_mix,12096,330.96242821668824,0.03700372378143931,0.997558718093648
23,1,seasonal,12096,1386.131283068783,0.13124509527870598,0.971011265720094
23,1,pooled_growth,12096,493.0756041142346,0.04668659847161604,0.9961362116523182
23,1,shrink_growth,12096,424.1217110097044,0.04015773617633178,0.9971702474554596
23,1,factor_state,12096,365.68986726288466,0.034625148467263195,0.9977100790019363
23,1,factor_damped,12096,340.59973596500134,0.032249502875125916,0.9981904393785154
23,1,factor_boost,12096,347.14114881528343,0.03286887303383983,0.9979912966666818
23,1,online_mix,12096,325.66430750963934,0.030835349861918864,0.9984113737077321
