horizon,model,n,mae,wape,r2
1,seasonal,150228,1263.3066393509473,0.14486516643503422,0.9666394477500582
1,pooled_growth,150228,577.8527549100309,0.06626319605032152,0.9908561946082647
1,shrink_growth,150228,514.6068617597557,0.059010699663336455,0.9925538985568091
1,factor_state,150228,427.9245811233999,0.04907071943984487,0.9934860493832643
1,factor_damped,150228,423.93866851847525,0.04861364918079473,0.9939367044027203
1,factor_boost,150228,422.24940413880296,0.04841993883534785,0.993943560985829
1,online_mix,150228,426.8480336639422,0.04894727021379658,0.9941734199541117
3,seasonal,125190,1327.087041316247,0.14821556717633175,0.9657555169389719
3,pooled_growth,125190,651.154065777113,0.07272406871112719,0.9900692095267131
3,shrink_growth,125190,607.5094876506852,0.06784962890440265,0.9914083290639054
3,factor_state,125190,606.8929420383758,0.0677807700769305,0.9894700561526203
3,factor_damped,125190,588.1502259836931,0.0656874919391872,0.9913232602674796
3,factor_boost,125190,606.9310696257983,0.06778502835225002,0.9897377404746018
3,online_mix,125190,580.1095352475589,0.0647894682972989,0.9916158949514529
6,seasonal,87558,1312.9651320648409,0.14430185618605923,0.967335143893246
6,pooled_growth,87558,687.8559711238576,0.07559903229550127,0.9904209191988548
6,shrink_growth,87558,654.8323491271316,0.07196956047196545,0.9913467640429983
6,factor_state,87558,673.1257754542825,0.0739801053908997,0.988976298686913
6,factor_damped,87558,662.9697174075603,0.07286390055660179,0.9910131670542016
6,factor_boost,87558,657.5245380189037,0.07226544636017275,0.9896818267214849
6,online_mix,87558,642.329898649004,0.07059547462093389,0.9913742644137894
12,seasonal,12456,1402.8293994861915,0.13342871764922232,0.9695725235440456
12,pooled_growth,12456,1476.6720222682322,0.1404521849855012,0.9722000227706104
12,shrink_growth,12456,1476.672022268237,0.14045218498550166,0.9722000227706101
12,factor_state,12456,1489.4450942501974,0.1416670829735381,0.9713554124140749
12,factor_damped,12456,1477.3273233422713,0.14051451329286002,0.9721596167152255
12,factor_boost,12456,1471.2609051611992,0.1399375119847032,0.9723637212847875
12,online_mix,12456,1477.4098832658947,0.14052236589756187,0.972128307087568
