origin,horizon,category,n,v4,v5,v5_lag2
12,1,Все категории,2062,1323.17711583343,1316.307609412362,1295.8218669142502
12,1,Здоровье,2062,72.9881252979616,80.02542027087378,79.8649097616167
12,1,Маркетплейсы,2062,811.3370713101111,333.56447055246224,332.4983577119828
12,1,Общественное питание,2062,70.77544780796013,79.65518442679164,79.62192987827868
12,1,Продовольствие,2062,1570.0495621139369,689.3798948812904,694.2084061524772
12,1,Транспорт,2062,123.4624046225409,138.53779004552513,138.20700104342595
12,12,Все категории,2076,2455.255142311654,1373.0975967578754,1336.5762227246496
12,12,Здоровье,2076,169.64366390625364,288.4839694331626,283.58829006271833
12,12,Маркетплейсы,2076,763.1667403134713,1202.2804765703804,1214.666837327018
12,12,Общественное питание,2076,384.03134642609626,102.90794272966085,102.8994751682827
12,12,Продовольствие,2076,607.5808530718017,634.3389310925322,649.8568243250858
12,12,Транспорт,2076,326.22313663183377,301.32629250630674,285.9743947439781
13,1,Все категории,2078,1066.4610234552297,1128.9698191014754,1118.3611125020875
13,1,Здоровье,2078,66.44716548450748,73.06929858826899,73.03637147021561
13,1,Маркетплейсы,2078,291.17273286232927,266.2876779580982,265.80227877442144
13,1,Общественное питание,2078,48.99901327457516,67.51417385548375,67.56809468072808
13,1,Продовольствие,2078,363.426782854955,405.19092209392034,402.54090049165444
13,1,Транспорт,2078,72.75288226616603,69.45266168992752,69.35667730589297
14,1,Все категории,2081,1047.428638915714,971.1240609908086,969.8817488231447
14,1,Здоровье,2081,72.24209200951555,71.97560677015309,72.03691023274908
14,1,Маркетплейсы,2081,313.9623894351024,197.31151982496812,197.33591469184853
14,1,Общественное питание,2081,117.796440312448,102.6391848062294,102.69119514009583
14,1,Продовольствие,2081,635.5709851893441,438.38529074161613,441.694357804525
14,1,Транспорт,2081,95.26876618423859,95.75941758125974,96.03991978673554
15,1,Все категории,2086,1972.1501679277794,1656.8333100772088,1622.3107027961998
15,1,Здоровье,2086,205.1906006110217,169.17815150133987,168.49194971838008
15,1,Маркетплейсы,2086,228.7970647504848,232.79105404535915,231.19939726629224
15,1,Общественное питание,2086,140.41084782660556,147.4334718381949,145.0355714236169
15,1,Продовольствие,2086,281.5364849175163,268.23194138745356,254.86553276449584
15,1,Транспорт,2086,191.1867426973028,172.09251280212635,171.2081898219482
16,1,Все категории,2085,1235.8652446908181,649.8780786815543,650.8149020952762
16,1,Здоровье,2085,129.57946861079247,59.17615762039984,59.184108238995016
16,1,Маркетплейсы,2085,247.71831531472688,260.357419998947,260.0228876319916
16,1,Общественное питание,2085,132.5874223436541,85.86844164482915,85.84830904498786
16,1,Продовольствие,2085,355.0336436619721,293.8935635687137,294.8832910011091
16,1,Транспорт,2085,139.62320495931547,93.47682505263919,93.61087873548777
17,1,Все категории,2084,1456.3088037479279,779.566038041847,790.521934909731
17,1,Здоровье,2084,66.03821091542484,72.80198955908494,72.3669498120448
17,1,Маркетплейсы,2084,225.4279637529348,223.9327469584396,223.2492498113787
17,1,Общественное питание,2084,144.76993469974283,96.16815274246426,96.84290781021065
17,1,Продовольствие,2084,291.8230146825677,254.97027900163806,254.84458931559894
17,1,Транспорт,2084,111.23511323926176,88.62126814478073,88.98939452599208
18,1,Все категории,2086,657.0677880816394,719.4126519087605,722.2877678239398
18,1,Здоровье,2086,80.09368262745453,70.13477585772851,70.11262289123121
18,1,Маркетплейсы,2086,249.92489016212943,258.4765565677405,258.76912230732955
18,1,Общественное питание,2086,104.86232387173013,89.9001270075321,89.87840338641087
18,1,Продовольствие,2086,307.69485046191096,258.7920355146568,258.9485482891017
18,1,Транспорт,2086,94.03338468822605,78.76853755796444,78.82060070243767
18,3,Все категории,2092,821.6223789814467,821.6223789814467,821.6223789814467
18,3,Здоровье,2092,87.18544082873541,87.18544082873541,87.18544082873541
18,3,Маркетплейсы,2092,439.5731881668253,439.5731881668253,439.5731881668253
18,3,Общественное питание,2092,103.3809627418867,103.3809627418867,103.3809627418867
18,3,Продовольствие,2092,521.2806478012175,521.2806478012175,521.2806478012175
18,3,Транспорт,2092,104.78387524948421,104.78387524948421,104.78387524948421
18,6,Все категории,2089,1117.0470214483628,1117.0470214483628,1117.0470214483628
18,6,Здоровье,2089,88.71533575265092,88.71533575265092,88.71533575265092
18,6,Маркетплейсы,2089,713.6425331621163,713.6425331621163,713.6425331621163
18,6,Общественное питание,2089,90.02138684534451,90.02138684534451,90.02138684534451
18,6,Продовольствие,2089,557.6032569790486,557.6032569790486,557.6032569790486
18,6,Транспорт,2089,112.48556458128094,112.48556458128094,112.48556458128094
19,1,Все категории,2089,637.9845080760126,644.9077244942819,640.7862709498415
19,1,Здоровье,2089,96.53717558154473,98.18496750664634,97.78789738981368
19,1,Маркетплейсы,2089,291.641456210322,280.92387092738807,280.8287379242951
19,1,Общественное питание,2089,98.73272170537116,67.17955562176189,67.49724566212667
19,1,Продовольствие,2089,455.21951656389746,561.6972183147905,563.2640813568071
19,1,Транспорт,2089,106.18447851095611,88.01594202206138,87.56957507464446
20,1,Все категории,2098,703.4926277650687,878.0464457831156,879.6245271235894
20,1,Здоровье,2098,75.5479941021554,82.80654710275368,82.73072042660358
20,1,Маркетплейсы,2098,455.96582703344603,339.4321020844951,339.95723407644823
20,1,Общественное питание,2098,67.79009945841156,77.40971241996155,77.6166038158517
20,1,Продовольствие,2098,501.66088517537986,485.2660952083884,484.29261978039796
20,1,Транспорт,2098,78.10648167646711,77.67093986990336,77.89651145445852
21,1,Все категории,2092,705.7182689337048,670.7506000615961,682.0184529074886
21,1,Здоровье,2092,96.47867310103496,103.09986412898732,103.238499976907
21,1,Маркетплейсы,2092,366.68051026844404,267.77946543330063,267.35699709111134
21,1,Общественное питание,2092,86.31322693594365,59.609788239293714,59.15828423059835
21,1,Продовольствие,2092,246.61619205932675,222.27487059317136,223.496872733819
21,1,Транспорт,2092,90.08877688327807,79.64813508888882,80.27395792046043
21,3,Все категории,2097,1008.5998478249563,1008.5998478249563,1008.5998478249563
21,3,Здоровье,2097,109.51065048723031,109.51065048723031,109.51065048723031
21,3,Маркетплейсы,2097,787.5587481457871,787.5587481457871,787.5587481457871
21,3,Общественное питание,2097,82.66034131190676,82.66034131190676,82.66034131190676
21,3,Продовольствие,2097,553.0887205650885,553.0887205650885,553.0887205650885
21,3,Транспорт,2097,104.87594086053808,104.87594086053808,104.87594086053808
22,1,Все категории,2098,750.0734273058016,681.5359884760948,682.4209817704973
22,1,Здоровье,2098,66.63807869546363,69.41897804220729,69.41572279224991
22,1,Маркетплейсы,2098,854.1856103951905,571.3214359765527,572.976866745985
22,1,Общественное питание,2098,59.50395001436641,52.73101240512755,52.159277548865965
22,1,Продовольствие,2098,468.8991025234795,308.1575631165252,305.46295404593036
22,1,Транспорт,2098,76.19037132270024,71.31386539290546,71.31604864042
23,1,Все категории,2099,831.2746595531911,783.6139768595871,780.5541906179674
23,1,Здоровье,2099,112.90693988525294,119.86636857756525,119.51465020224498
23,1,Маркетплейсы,2099,564.6087808793659,278.0524340211691,278.11177048584864
23,1,Общественное питание,2099,68.32915571371097,56.40649035337249,56.40480222401762
23,1,Продовольствие,2099,463.7897410483685,416.0649826000225,418.69000324450315
23,1,Транспорт,2099,78.33554256042282,77.23141297661735,77.07775038403159
