scope,horizon,model,n,origins,mae,r2,wape
six_categories,1,v4,150228,12,371.4406817558269,0.9966122263534047,0.04259363048305197
six_categories,1,v5,150228,12,307.8457942253234,0.9975721436169157,0.03530111441485739
six_categories,1,v5_lag2,150228,12,307.05592371114716,0.9975905458136829,0.03521053884125235
six_categories,3,v4,25134,2,393.73327228172883,0.9965831138161252,0.04158178768900176
six_categories,3,v5,25134,2,393.73327228172883,0.9965831138161252,0.04158178768900176
six_categories,3,v5_lag2,25134,2,393.73327228172883,0.9965831138161252,0.04158178768900176
six_categories,6,v4,12534,1,446.58584979480065,0.9961445153775096,0.04250603836587563
six_categories,6,v5,12534,1,446.58584979480065,0.9961445153775096,0.04250603836587563
six_categories,6,v5_lag2,12534,1,446.58584979480065,0.9961445153775096,0.04250603836587563
six_categories,12,v4,12456,1,784.3168137768517,0.9882839546617375,0.07459951062566775
six_categories,12,v5,12456,1,650.4058681816531,0.994496711672509,0.06186270474142664
six_categories,12,v5_lag2,12456,1,645.5936740586221,0.9945588695099506,0.06140499770224546
total_spending,1,v4,25038,12,1031.3927152935426,0.9853589094391652,0.033740592469190346
total_spending,1,v5,25038,12,906.015952390667,0.988425011389976,0.029639064312664387
total_spending,1,v5_lag2,25038,12,902.2458679149781,0.9885389763612792,0.029515731190389582
total_spending,3,v4,4189,2,915.222701770857,0.9883787253454822,0.027589545626467156
total_spending,3,v5,4189,2,915.222701770857,0.9883787253454822,0.027589545626467156
total_spending,3,v5_lag2,4189,2,915.222701770857,0.9883787253454822,0.027589545626467156
total_spending,6,v4,2089,1,1117.0470214483628,0.9852130688551453,0.030386034880026457
total_spending,6,v5,2089,1,1117.0470214483628,0.9852130688551453,0.030386034880026457
total_spending,6,v5_lag2,2089,1,1117.0470214483628,0.9852130688551453,0.030386034880026457
total_spending,12,v4,2076,1,2455.255142311654,0.9370156343602337,0.0667428290509635
total_spending,12,v5,2076,1,1373.0975967578754,0.9809095756972581,0.03732582271853641
total_spending,12,v5_lag2,2076,1,1336.5762227246496,0.9815761296535985,0.03633303798435562
