method,threshold,tp,fp,fn,precision,recall,f1,control_rate,median_delay,split
confirmed2,1.5,1241,1289,259,0.49051383399209486,0.8273333333333334,0.6158808933002482,0.4533333333333333,1.0,calibration
confirmed2,2.0,1167,832,333,0.583791895947974,0.778,0.6670477279222635,0.27666666666666667,1.0,calibration
confirmed2,2.5,1060,597,440,0.6397103198551599,0.7066666666666667,0.6715235983528666,0.17,1.0,calibration
confirmed2,3.0,929,410,571,0.6938013442867812,0.6193333333333333,0.6544557942937654,0.09666666666666666,1.0,calibration
confirmed2,4.0,723,204,777,0.7799352750809061,0.482,0.5957972805933252,0.03,1.0,calibration
confirmed2,5.0,564,117,936,0.8281938325991189,0.376,0.5171939477303988,0.01,1.0,calibration
confirmed2,6.0,409,66,1091,0.8610526315789474,0.27266666666666667,0.4141772151898734,0.0033333333333333335,1.0,calibration
confirmed2,8.0,218,24,1282,0.9008264462809917,0.14533333333333334,0.2502870264064294,0.0,1.0,calibration
confirmed3,1.5,1132,1138,368,0.4986784140969163,0.7546666666666667,0.6005305039787798,0.37333333333333335,2.0,calibration
confirmed3,2.0,1046,742,454,0.5850111856823266,0.6973333333333334,0.6362530413625304,0.21666666666666667,2.0,calibration
confirmed3,2.5,935,524,565,0.6408498971898561,0.6233333333333333,0.6319702602230483,0.13,2.0,calibration
confirmed3,3.0,817,376,683,0.6848281642917016,0.5446666666666666,0.6067582621611585,0.09,2.0,calibration
confirmed3,4.0,636,218,864,0.7447306791569087,0.424,0.54035683942226,0.02,2.0,calibration
confirmed3,5.0,487,147,1013,0.7681388012618297,0.32466666666666666,0.4564198687910028,0.01,2.0,calibration
confirmed3,6.0,351,97,1149,0.7834821428571429,0.234,0.3603696098562628,0.006666666666666667,2.0,calibration
confirmed3,8.0,187,49,1313,0.7923728813559322,0.12466666666666666,0.21543778801843316,0.0,2.0,calibration
confirmed2,4.0,675,177,825,0.7922535211267606,0.45,0.5739795918367347,0.013333333333333334,1.0,test
confirmed3,4.0,598,191,902,0.7579214195183777,0.39866666666666667,0.5224989078200087,0.01,2.0,test
cusum_v1,8.0,520,240,980,0.6842105263157895,0.3466666666666667,0.4601769911504426,0.03666666666666667,1.0,test
multiscale,5.0,364,39,1136,0.9032258064516129,0.24266666666666667,0.3825538623226485,0.013333333333333334,2.0,test
