model,horizon,category,n,mae,wape,r2_pooled,mean_scaled_absolute_error
damped_trend,1,Все категории,6277,2665.8054699232734,0.0803966408243922,0.9055901786045079,0.09705160790770229
damped_trend,1,Здоровье,6277,108.32796642051807,0.07149141437281155,0.9559535581286452,0.08432059031909882
damped_trend,1,Маркетплейсы,6277,553.2674038133691,0.0994737472270254,0.8571870701635451,0.1579011144265778
damped_trend,1,Общественное питание,6277,91.5548576007276,0.06907299934276331,0.9886287404748964,0.13044574754331212
damped_trend,1,Продовольствие,6277,1257.8377851695832,0.09403212797940602,0.7308421018331608,0.10668499050092531
damped_trend,1,Транспорт,6277,125.27668321085328,0.06527216226088786,0.9729861592148368,0.08326384291547556
damped_trend,3,Все категории,4189,5129.738379046241,0.154636844985047,0.7834145210068335,0.1883916096566445
damped_trend,3,Здоровье,4189,180.62982504088984,0.11879134448942147,0.8903735409267515,0.1411245882694271
damped_trend,3,Маркетплейсы,4189,1116.415743262,0.19304112109247532,0.4388909174573853,0.3246538574043343
damped_trend,3,Общественное питание,4189,187.21572976180857,0.14758773569860173,0.9574929169030548,0.24192934616091258
damped_trend,3,Продовольствие,4189,2803.890219246337,0.21244109446155376,0.35208752077962024,0.23964447659901203
damped_trend,3,Транспорт,4189,160.76099942863658,0.08598190580921522,0.9517174754239331,0.10660486961407678
damped_trend,6,Все категории,2089,3248.531522098822,0.08836690868337206,0.9105052482139575,0.11703719863129224
damped_trend,6,Здоровье,2089,315.96672126076504,0.20060677955856113,0.7815879298251985,0.2510544338487796
damped_trend,6,Маркетплейсы,2089,2075.171528865143,0.30294239881429774,-0.2513045845085182,0.6336091859470916
damped_trend,6,Общественное питание,2089,328.61133230351516,0.2641842642923942,0.8868609905027919,0.3851989641799156
damped_trend,6,Продовольствие,2089,795.5033032491831,0.054105942481402776,0.9169746368540379,0.06628324495378518
damped_trend,6,Транспорт,2089,227.70733173236337,0.11953612364235583,0.909787375243454,0.15038635927059843
damped_trend,12,Все категории,2076,2455.255142311654,0.0667428290509635,0.9370156343602337,0.09233592538397498
damped_trend,12,Здоровье,2076,169.64366390625364,0.10767315002272591,0.9050583596636869,0.14610469492698616
damped_trend,12,Маркетплейсы,2076,763.1667403134713,0.11147190634245267,0.7123600462439963,0.32870831624248403
damped_trend,12,Общественное питание,2076,384.03134642609626,0.30934831523049955,0.8538150430342984,0.45751414753779834
damped_trend,12,Продовольствие,2076,607.5808530718017,0.041249169423927014,0.9386460168412527,0.05539893679577796
damped_trend,12,Транспорт,2076,326.22313663183377,0.1714588734315123,0.8516550677322582,0.21182241366673604
panel_k3_w0.25,1,Все категории,6277,927.190884390021,0.027962667699868042,0.988735496637,0.0353902759896188
panel_k3_w0.25,1,Здоровье,6277,101.22104198982312,0.06680117512823143,0.9659100330574146,0.08397304582040323
panel_k3_w0.25,1,Маркетплейсы,6277,610.9068507431931,0.10983693098714611,0.8001078468368703,0.17812158862597785
panel_k3_w0.25,1,Общественное питание,6277,96.99789227389026,0.07317946338251531,0.9809178479614911,0.15360461070694095
panel_k3_w0.25,1,Продовольствие,6277,437.43090336723225,0.03270100419350117,0.9698853654038888,0.038601178521600714
panel_k3_w0.25,1,Транспорт,6277,110.58157960002737,0.05761566016694282,0.9778149585386009,0.08085301241198568
panel_k3_w0.25,3,Все категории,4189,1148.277545815584,0.03461502395081386,0.9834662803471133,0.042605182943065194
panel_k3_w0.25,3,Здоровье,4189,108.97729320367027,0.07166900137090511,0.9537923317022514,0.08890208517222387
panel_k3_w0.25,3,Маркетплейсы,4189,824.4708636564186,0.14256049396373083,0.7093676237394764,0.24700447995657054
panel_k3_w0.25,3,Общественное питание,4189,121.95969985479643,0.09614446377423136,0.9653482432837599,0.1782603548652674
panel_k3_w0.25,3,Продовольствие,4189,681.8173992210895,0.05165895352079507,0.9476465414379301,0.0598901882091198
panel_k3_w0.25,3,Транспорт,4189,131.29733564832003,0.07022346954073369,0.9680664726789593,0.09255945767927937
panel_k3_w0.25,6,Все категории,2089,1434.599446532484,0.039024130573018866,0.9774789142959704,0.053900929185873594
panel_k3_w0.25,6,Здоровье,2089,124.5076503949592,0.07904971345233089,0.950308005655187,0.09953852345110804
panel_k3_w0.25,6,Маркетплейсы,2089,1282.0201803708476,0.18715477895086444,0.3803238220294063,0.3979148624029258
panel_k3_w0.25,6,Общественное питание,2089,122.46429309528168,0.09845411887251292,0.964056369321342,0.1993427484059125
panel_k3_w0.25,6,Продовольствие,2089,928.3759565771203,0.06314324013805474,0.9158648252523702,0.08276631138328412
panel_k3_w0.25,6,Транспорт,2089,150.36765252496605,0.07893626510525087,0.9596991082844123,0.10948373310160246
panel_k3_w0.25,12,Все категории,2076,4660.481299577609,0.12668895436262465,0.8458479358988675,0.174814524904484
panel_k3_w0.25,12,Здоровье,2076,146.04942666276642,0.09269784361933636,0.9377245907417039,0.11121127628520133
panel_k3_w0.25,12,Маркетплейсы,2076,2026.7526855207082,0.2960375152707514,-0.15803783278268035,0.7683879423637944
panel_k3_w0.25,12,Общественное питание,2076,236.85940553401224,0.19079707615103486,0.9334019029455579,0.2585320107288454
panel_k3_w0.25,12,Продовольствие,2076,1011.584733500804,0.0686773288655651,0.8892999082610494,0.08609164302743864
panel_k3_w0.25,12,Транспорт,2076,227.0634561115578,0.1193417633841555,0.9204699385782084,0.1403889257376582
panel_k3_w0.75,1,Все категории,6277,873.4553962183829,0.026342087057056585,0.9884118545173978,0.031887071120846155
panel_k3_w0.75,1,Здоровье,6277,97.78395330360509,0.06453285661712188,0.963061898556621,0.07782238080018028
panel_k3_w0.75,1,Маркетплейсы,6277,417.95100612918145,0.07514477167897546,0.9202512898811628,0.12324908049913763
panel_k3_w0.75,1,Общественное питание,6277,116.7039111607513,0.08804654815869017,0.9786328895820791,0.13180102712882896
panel_k3_w0.75,1,Продовольствие,6277,355.8271645592086,0.026600556821299227,0.9797750223325334,0.031080231750810566
panel_k3_w0.75,1,Транспорт,6277,91.53687788431695,0.047692912942658344,0.9839206498555968,0.06431567556152747
panel_k3_w0.75,3,Все категории,4189,1016.5863291171,0.030645169592221404,0.9858804840141286,0.03809806054327878
panel_k3_w0.75,3,Здоровье,4189,108.37677395649135,0.07127406942238548,0.9447551446069229,0.0833898287021533
panel_k3_w0.75,3,Маркетплейсы,4189,653.0924306378225,0.11292719199656434,0.8398074730205276,0.19309049562237568
panel_k3_w0.75,3,Общественное питание,4189,127.71532442626858,0.10068179404618854,0.9760280223430071,0.15102366951853352
panel_k3_w0.75,3,Продовольствие,4189,606.4416655398644,0.04594799406554713,0.9587396827723679,0.05367734317000999
panel_k3_w0.75,3,Транспорт,4189,112.95604030959191,0.0604137549094585,0.9755181260964426,0.07617517329876028
panel_k3_w0.75,6,Все категории,2089,1387.687116848559,0.03774801626564551,0.9805056081429309,0.05211079992514135
panel_k3_w0.75,6,Здоровье,2089,121.70235940969224,0.0772686385719335,0.9557647086410254,0.09279569271611403
panel_k3_w0.75,6,Маркетплейсы,2089,1154.4279685479216,0.16852832317021985,0.5548051328635314,0.3444273251345701
panel_k3_w0.75,6,Общественное питание,2089,90.02138684534451,0.07237192243982742,0.9873612821532567,0.14985783655901988
panel_k3_w0.75,6,Продовольствие,2089,954.0138320275098,0.06488699331770638,0.9139460341766705,0.08629909130003238
panel_k3_w0.75,6,Транспорт,2089,119.24623296310672,0.06259891738627396,0.9727360469565823,0.0845705421532876
panel_k3_w0.75,12,Все категории,2076,4483.969398062079,0.12189071426721047,0.8610936735665475,0.17058891890233172
panel_k3_w0.75,12,Здоровье,2076,136.6822343025225,0.08675246914986232,0.9446100283101424,0.10476076606606395
panel_k3_w0.75,12,Маркетплейсы,2076,2025.0304749181378,0.29578596067743557,-0.1508724599541571,0.7712832592023717
panel_k3_w0.75,12,Общественное питание,2076,248.1058745205697,0.19985643098146963,0.924027090661299,0.2581049560323448
panel_k3_w0.75,12,Продовольствие,2076,1009.6917634528075,0.06854881355467364,0.8910494298103783,0.08609915205697424
panel_k3_w0.75,12,Транспорт,2076,224.9887880859961,0.11825134335423394,0.9209787959408036,0.13889136655959408
panel_k6_w0.25,1,Все категории,6277,933.7527555251376,0.028160563758953365,0.9885300183094502,0.03589030672011048
panel_k6_w0.25,1,Здоровье,6277,103.80836736759575,0.068508689418508,0.9650618770132033,0.08603995567822728
panel_k6_w0.25,1,Маркетплейсы,6277,635.470498527197,0.11425330916847112,0.7861847052430759,0.18456991456263552
panel_k6_w0.25,1,Общественное питание,6277,92.65791602728208,0.06990519498993149,0.9819721100190826,0.15496744568620227
panel_k6_w0.25,1,Продовольствие,6277,456.08865758761203,0.034095801164417835,0.9682524443512146,0.04009561978095896
panel_k6_w0.25,1,Транспорт,6277,113.59291515895974,0.05918463835336073,0.9770452753272009,0.08280366669422289
panel_k6_w0.25,3,Все категории,4189,1124.6443264931488,0.03390259649295575,0.9839670136683426,0.04217706941756246
panel_k6_w0.25,3,Здоровье,4189,109.83402610857853,0.07223243243008562,0.9536800114682896,0.09065704541302158
panel_k6_w0.25,3,Маркетплейсы,4189,846.7565567734306,0.1464139465951501,0.694597093227885,0.25323119091655777
panel_k6_w0.25,3,Общественное питание,4189,114.47053755511732,0.09024053408042176,0.9678767691938334,0.17894313179138654
panel_k6_w0.25,3,Продовольствие,4189,724.201962307598,0.05487028572936951,0.9427484937977522,0.06352386006454527
panel_k6_w0.25,3,Транспорт,4189,129.13616310470655,0.06906758139160007,0.9688875660022188,0.09280375530735235
panel_k6_w0.25,6,Все категории,2089,1354.5428282708187,0.03684642171370709,0.9789798912445111,0.05203148016638744
panel_k6_w0.25,6,Здоровье,2089,115.2658192165075,0.07318208922109729,0.9557679640589987,0.09469281987485613
panel_k6_w0.25,6,Маркетплейсы,2089,1265.7224317255232,0.1847755640275626,0.39242798971436765,0.3932720330927957
panel_k6_w0.25,6,Общественное питание,2089,119.57218518813256,0.09612903350692756,0.9651197623159714,0.20246760291064456
panel_k6_w0.25,6,Продовольствие,2089,894.1297790854782,0.06081399561826135,0.9203141826307483,0.07980607766853612
panel_k6_w0.25,6,Транспорт,2089,150.3562420529521,0.07893027511984681,0.9596935164191087,0.11195344918029435
panel_k6_w0.25,12,Все категории,2076,4660.481299577609,0.12668895436262465,0.8458479358988675,0.174814524904484
panel_k6_w0.25,12,Здоровье,2076,146.04942666276642,0.09269784361933636,0.9377245907417039,0.11121127628520133
panel_k6_w0.25,12,Маркетплейсы,2076,2026.7526855207082,0.2960375152707514,-0.15803783278268035,0.7683879423637944
panel_k6_w0.25,12,Общественное питание,2076,236.85940553401224,0.19079707615103486,0.9334019029455579,0.2585320107288454
panel_k6_w0.25,12,Продовольствие,2076,1011.584733500804,0.0686773288655651,0.8892999082610494,0.08609164302743864
panel_k6_w0.25,12,Транспорт,2076,227.0634561115578,0.1193417633841555,0.9204699385782084,0.1403889257376582
panel_k6_w0.75,1,Все категории,6277,850.4777232403811,0.02564911536717333,0.9877725586923357,0.031350414222515915
panel_k6_w0.75,1,Здоровье,6277,104.93160346370838,0.06924997294702882,0.959869082610868,0.08287633743967608
panel_k6_w0.75,1,Маркетплейсы,6277,497.2607311202593,0.08940412526104302,0.8911779909260655,0.14417062412072057
panel_k6_w0.75,1,Общественное питание,6277,99.85712763134384,0.07533659591640532,0.9853071857909497,0.1347720788034505
panel_k6_w0.75,1,Продовольствие,6277,375.4911634648048,0.02807057758508844,0.9779712082387698,0.03309575647747471
panel_k6_w0.75,1,Транспорт,6277,95.08207689624057,0.0495400468164371,0.9828988150305652,0.06776201514751087
panel_k6_w0.75,3,Все категории,4189,964.1566082888017,0.029064666647772554,0.9859975630541493,0.03610758081458798
panel_k6_w0.75,3,Здоровье,4189,109.9932138871338,0.0723371223960787,0.945383943708564,0.08780684453596575
panel_k6_w0.75,3,Маркетплейсы,4189,722.0681243480326,0.1248538826781605,0.80311124657891,0.2121138573415766
panel_k6_w0.75,3,Общественное питание,4189,112.14585170119462,0.08840791498464634,0.9805962869794362,0.15551962880336065
panel_k6_w0.75,3,Продовольствие,4189,697.7040210826897,0.052862628084231554,0.947588110285934,0.06221740836135173
panel_k6_w0.75,3,Транспорт,4189,106.1285550730897,0.056762121773280265,0.977261907472707,0.0757670666622162
panel_k6_w0.75,6,Все категории,2089,1117.0470214483628,0.030386034880026457,0.9852130688551453,0.043303077072376704
panel_k6_w0.75,6,Здоровье,2089,88.71533575265092,0.05632522859300784,0.9735804476261859,0.07297486755767212
panel_k6_w0.75,6,Маркетплейсы,2089,1101.9319825782156,0.16086473502987875,0.5895799185921178,0.3294873603929711
panel_k6_w0.75,6,Общественное питание,2089,134.67558101672273,0.10827127914198544,0.9775893791199621,0.1761270740271875
panel_k6_w0.75,6,Продовольствие,2089,842.5735505501973,0.057307412648342264,0.9272943187476735,0.07657721004560114
panel_k6_w0.75,6,Транспорт,2089,131.44209392351758,0.06900119671824617,0.9682622628011002,0.09323723151099503
panel_k6_w0.75,12,Все категории,2076,4483.969398062079,0.12189071426721047,0.8610936735665475,0.17058891890233172
panel_k6_w0.75,12,Здоровье,2076,136.6822343025225,0.08675246914986232,0.9446100283101424,0.10476076606606395
panel_k6_w0.75,12,Маркетплейсы,2076,2025.0304749181378,0.29578596067743557,-0.1508724599541571,0.7712832592023717
panel_k6_w0.75,12,Общественное питание,2076,248.1058745205697,0.19985643098146963,0.924027090661299,0.2581049560323448
panel_k6_w0.75,12,Продовольствие,2076,1009.6917634528075,0.06854881355467364,0.8910494298103783,0.08609915205697424
panel_k6_w0.75,12,Транспорт,2076,224.9887880859961,0.11825134335423394,0.9209787959408036,0.13889136655959408
seasonal_scaled,1,Все категории,6277,1118.3296019191553,0.033727120880792404,0.9842078056496595,0.04271470903436788
seasonal_scaled,1,Здоровье,6277,112.40860263204601,0.07418444428874828,0.9571295036383545,0.0946252092708901
seasonal_scaled,1,Маркетплейсы,6277,727.8482302393339,0.13086220221079248,0.6958861595100914,0.2122338466661825
seasonal_scaled,1,Общественное питание,6277,110.16122938689968,0.08311046212559288,0.9706997149578662,0.18215502142309667
seasonal_scaled,1,Продовольствие,6277,530.0472807538517,0.039624722938548594,0.9566244123466965,0.04653338747769768
seasonal_scaled,1,Транспорт,6277,137.44265156781347,0.07161092411427908,0.9666170561947353,0.09880376789625456
seasonal_scaled,3,Все категории,4189,1381.7523558916073,0.041653162223345405,0.9766751185085134,0.05118196567994445
seasonal_scaled,3,Здоровье,4189,119.54648529450502,0.07861983874426248,0.9446840904101286,0.09985270796209923
seasonal_scaled,3,Маркетплейсы,4189,936.294084609468,0.16189601486374586,0.5942243681558335,0.2825580578502847
seasonal_scaled,3,Общественное питание,4189,141.68335804428636,0.11169321096328208,0.9460658918751885,0.21150226700690733
seasonal_scaled,3,Продовольствие,4189,767.126928591686,0.058122562424984245,0.9323380231629439,0.06680988844276707
seasonal_scaled,3,Транспорт,4189,156.94348680903948,0.08394013565569365,0.9541323513568588,0.11103405105840053
seasonal_scaled,6,Все категории,2089,1693.5042742153553,0.046066887926579946,0.9683289979655498,0.06418921001679298
seasonal_scaled,6,Здоровье,2089,138.33724060539367,0.08783009875259244,0.9363451239391652,0.1134892310417726
seasonal_scaled,6,Маркетплейсы,2089,1377.8036565603327,0.2011376597103568,0.2168634988236987,0.4351156329583404
seasonal_scaled,6,Общественное питание,2089,149.54306678248895,0.12022386690386701,0.9423774846901588,0.23864811698341631
seasonal_scaled,6,Продовольствие,2089,953.2245456933181,0.06483331022069759,0.9062964006182297,0.08431768198366882
seasonal_scaled,6,Транспорт,2089,183.95121357960144,0.09656612654201786,0.9396162154220707,0.13473489535403782
seasonal_scaled,12,Все категории,2076,4751.299132947976,0.12915771576463128,0.8364172004877527,0.17703448463911745
seasonal_scaled,12,Здоровье,2076,153.28612716763007,0.09729099093287416,0.9320893739908779,0.11676490533110989
seasonal_scaled,12,Маркетплейсы,2076,2027.9296724470134,0.29620943179892906,-0.165249698770499,0.7670693490286196
seasonal_scaled,12,Общественное питание,2076,231.85693641618496,0.18676744313280866,0.9373618748355843,0.2605038547557408
seasonal_scaled,12,Продовольствие,2076,1023.0284200385356,0.06945425026202232,0.8851495398709939,0.08710783590186462
seasonal_scaled,12,Транспорт,2076,229.5761078998073,0.120662382299745,0.9189977901051529,0.14225194320066273
v2,1,Все категории,6277,955.3325721252452,0.028811378225286143,0.9880159773672593,0.037820644563979204
v2,1,Здоровье,6277,111.24423093701378,0.07341601318010563,0.9614958055724103,0.08973921959185999
v2,1,Маркетплейсы,6277,501.8634235653457,0.09023165831592854,0.880264910139698,0.14817453502106998
v2,1,Общественное питание,6277,94.19433869054649,0.07106433962071322,0.986213425650666,0.1479492396532366
v2,1,Продовольствие,6277,417.9270404747331,0.031242954711108654,0.9724434441730779,0.03724781078177509
v2,1,Транспорт,6277,116.59157919431709,0.06074701437150851,0.9758459493670083,0.08512717398265691
v2,3,Все категории,4189,1150.0610703776897,0.034668788605238324,0.9825851699103286,0.04489744364580807
v2,3,Здоровье,4189,105.05585330957744,0.06909006338406773,0.9586629286610815,0.08936066372169349
v2,3,Маркетплейсы,4189,613.7736463372438,0.10612852201435889,0.8039145089346234,0.1937121270970903
v2,3,Общественное питание,4189,93.00828593628444,0.073321201909737,0.9877909546944522,0.15372455759543663
v2,3,Продовольствие,4189,537.203667277426,0.04070206966086297,0.9599879695520777,0.047432996619085156
v2,3,Транспорт,4189,120.87826506765289,0.06465090188769317,0.9731865325198298,0.08599556822736473
v2,6,Все категории,2089,1249.293511945006,0.033983418334647526,0.9836004265065157,0.047454211069137504
v2,6,Здоровье,2089,107.21685528756535,0.06807181455000137,0.9609268834256175,0.09140191227740407
v2,6,Маркетплейсы,2089,713.6425331621163,0.10418058357338468,0.7194794275550647,0.2420591902920596
v2,6,Общественное питание,2089,90.9983457492334,0.07315734017773246,0.9871026357241268,0.15032850572328574
v2,6,Продовольствие,2089,557.6032569790486,0.03792523503840301,0.9532318431563835,0.050182388351659404
v2,6,Транспорт,2089,112.48556458128094,0.05904987008311225,0.9760844129492557,0.08176603318985463
v2,12,Все категории,2076,2455.255142311654,0.0667428290509635,0.9370156343602337,0.09233592538397498
v2,12,Здоровье,2076,169.64366390625364,0.10767315002272591,0.9050583596636869,0.14610469492698616
v2,12,Маркетплейсы,2076,763.1667403134713,0.11147190634245267,0.7123600462439963,0.32870831624248403
v2,12,Общественное питание,2076,384.03134642609626,0.30934831523049955,0.8538150430342984,0.45751414753779834
v2,12,Продовольствие,2076,607.5808530718017,0.041249169423927014,0.9386460168412527,0.05539893679577796
v2,12,Транспорт,2076,326.22313663183377,0.1714588734315123,0.8516550677322582,0.21182241366673604
v2_panel_k3,1,Все категории,6277,802.3044587326739,0.024196282935226954,0.9910849830776789,0.031033858846296225
v2_panel_k3,1,Здоровье,6277,93.4078339089612,0.06164482155724719,0.9716236674800333,0.0755640258752776
v2_panel_k3,1,Маркетплейсы,6277,422.52754949837356,0.07596760330639969,0.9141741539638228,0.12350742283069993
v2_panel_k3,1,Общественное питание,6277,100.5752597717265,0.0758783862938967,0.9852818252719078,0.13416037615417784
v2_panel_k3,1,Продовольствие,6277,354.621806594469,0.026510447925114245,0.9791201182453775,0.03145163168237825
v2_panel_k3,1,Транспорт,6277,93.10996082383343,0.04851252695419101,0.9839854367059417,0.06861916987662901
v2_panel_k3,3,Все категории,4189,928.5743234087882,0.027992032555226986,0.9883526946974535,0.035506187542791355
v2_panel_k3,3,Здоровье,4189,98.36136936868857,0.06468743082977606,0.9615337519578983,0.08041354510450488
v2_panel_k3,3,Маркетплейсы,4189,592.3041329853125,0.10241619625060974,0.8479337594529992,0.18046745317725774
v2_panel_k3,3,Общественное питание,4189,96.36670432943306,0.07596874315428928,0.9864286811080002,0.14323250756745748
v2_panel_k3,3,Продовольствие,4189,538.0383055105013,0.040765307322058436,0.9639802563619951,0.0476389492166834
v2_panel_k3,3,Транспорт,4189,104.82996299987333,0.05606757880750673,0.9788604656968236,0.07474307897216247
v2_panel_k3,6,Все категории,2089,1306.3396437904062,0.03553519343340513,0.9825761669698454,0.04932743464115597
v2_panel_k3,6,Здоровье,2089,101.88041648191775,0.06468371785791713,0.9667202384645417,0.0835196191905954
v2_panel_k3,6,Маркетплейсы,2089,820.1767631337145,0.11973290526559666,0.7233444699649899,0.25838943312146545
v2_panel_k3,6,Общественное питание,2089,89.46436126964466,0.07192410650214577,0.9874427809353606,0.1486011756537732
v2_panel_k3,6,Продовольствие,2089,695.2511324643596,0.04728731814135985,0.9447851021435063,0.06299171429282215
v2_panel_k3,6,Транспорт,2089,114.13054211349504,0.05991340941750117,0.9750843249746335,0.08204396410426067
v2_panel_k3,12,Все категории,2076,3368.54490452421,0.09156939042248649,0.9113815816690185,0.1266213346846135
v2_panel_k3,12,Здоровье,2076,118.60300815520404,0.07527755057977802,0.9522140388574151,0.10124265602572508
v2_panel_k3,12,Маркетплейсы,2076,1278.2736106334357,0.18671096194002193,0.4576060100475051,0.5198598997485594
v2_panel_k3,12,Общественное питание,2076,312.7510441753359,0.2519299778588211,0.8958014881602647,0.349934810810103
v2_panel_k3,12,Продовольствие,2076,696.4000335150023,0.04727917745277278,0.9377681267957209,0.060834419608959564
v2_panel_k3,12,Транспорт,2076,270.5146973381255,0.14217920203681658,0.8961676536300992,0.17160888279004138
v2_panel_k6,1,Все категории,6277,804.2892712947277,0.024256141865090945,0.9908135315945742,0.03140482684017465
v2_panel_k6,1,Здоровье,6277,98.12068083446638,0.06475508111034359,0.969385122824974,0.07859068409545171
v2_panel_k6,1,Маркетплейсы,6277,463.1988782000697,0.08328003386488696,0.8987833033015076,0.13395927596155988
v2_panel_k6,1,Общественное питание,6277,92.64646314743597,0.06989655443515576,0.9875548401995413,0.13609279895783621
v2_panel_k6,1,Продовольствие,6277,357.1953394453093,0.026702837415430596,0.9786002782103095,0.031834778176668625
v2_panel_k6,1,Транспорт,6277,97.16133006894249,0.05062338768236376,0.9830645917836409,0.07129672368222217
v2_panel_k6,3,Все категории,4189,915.222701770857,0.027589545626467156,0.9883787253454822,0.03551345349361223
v2_panel_k6,3,Здоровье,4189,101.1822246770219,0.06654256851045079,0.9606686497665398,0.08378056960694633
v2_panel_k6,3,Маркетплейсы,4189,624.3920365967558,0.10796456380458341,0.832968009392432,0.18925351489082765
v2_panel_k6,3,Общественное питание,4189,97.6371459850428,0.07697027014952189,0.9864331445977175,0.15078932247960267
v2_panel_k6,3,Продовольствие,4189,579.8281822826078,0.043931582198992125,0.9603142555226823,0.05147778123339816
v2_panel_k6,3,Транспорт,4189,106.13929407749886,0.056767865455323016,0.9783046019711006,0.07708768013573679
v2_panel_k6,6,Все категории,2089,1114.8790396492452,0.030327061202730553,0.9858350468886428,0.043104436993634566
v2_panel_k6,6,Здоровье,2089,91.43365104497343,0.05805108274132356,0.9717693552581694,0.07748616446873838
v2_panel_k6,6,Маркетплейсы,2089,799.4432911289488,0.11670614450991697,0.7336600119769385,0.2527936932861159
v2_panel_k6,6,Общественное питание,2089,107.9951952932552,0.08682181169975697,0.9842590514254774,0.1593645480609937
v2_panel_k6,6,Продовольствие,2089,650.195281639136,0.044222856607079336,0.9488413591560727,0.059007620967684825
v2_panel_k6,6,Транспорт,2089,117.91127243831217,0.061898123059031716,0.9736374762806016,0.0852289798888906
v2_panel_k6,12,Все категории,2076,3368.54490452421,0.09156939042248649,0.9113815816690185,0.1266213346846135
v2_panel_k6,12,Здоровье,2076,118.60300815520404,0.07527755057977802,0.9522140388574151,0.10124265602572508
v2_panel_k6,12,Маркетплейсы,2076,1278.2736106334357,0.18671096194002193,0.4576060100475051,0.5198598997485594
v2_panel_k6,12,Общественное питание,2076,312.7510441753359,0.2519299778588211,0.8958014881602647,0.349934810810103
v2_panel_k6,12,Продовольствие,2076,696.4000335150023,0.04727917745277278,0.9377681267957209,0.060834419608959564
v2_panel_k6,12,Транспорт,2076,270.5146973381255,0.14217920203681658,0.8961676536300992,0.17160888279004138
v3,1,Все категории,6277,804.2892712947277,0.024256141865090945,0.9908135315945742,0.03140482684017465
v3,1,Здоровье,6277,97.78395330360509,0.06453285661712188,0.963061898556621,0.07782238080018028
v3,1,Маркетплейсы,6277,422.52754949837356,0.07596760330639969,0.9141741539638228,0.12350742283069993
v3,1,Общественное питание,6277,92.64646314743597,0.06989655443515576,0.9875548401995413,0.13609279895783621
v3,1,Продовольствие,6277,357.1953394453093,0.026702837415430596,0.9786002782103095,0.031834778176668625
v3,1,Транспорт,6277,93.10996082383343,0.04851252695419101,0.9839854367059417,0.06861916987662901
v3,3,Все категории,4189,915.222701770857,0.027589545626467156,0.9883787253454822,0.03551345349361223
v3,3,Здоровье,4189,98.36136936868857,0.06468743082977606,0.9615337519578983,0.08041354510450488
v3,3,Маркетплейсы,4189,613.7736463372438,0.10612852201435889,0.8039145089346234,0.1937121270970903
v3,3,Общественное питание,4189,93.00828593628444,0.073321201909737,0.9877909546944522,0.15372455759543663
v3,3,Продовольствие,4189,537.203667277426,0.04070206966086297,0.9599879695520777,0.047432996619085156
v3,3,Транспорт,4189,104.82996299987333,0.05606757880750673,0.9788604656968236,0.07474307897216247
v3,6,Все категории,2089,1117.0470214483628,0.030386034880026457,0.9852130688551453,0.043303077072376704
v3,6,Здоровье,2089,88.71533575265092,0.05632522859300784,0.9735804476261859,0.07297486755767212
v3,6,Маркетплейсы,2089,713.6425331621163,0.10418058357338468,0.7194794275550647,0.2420591902920596
v3,6,Общественное питание,2089,90.02138684534451,0.07237192243982742,0.9873612821532567,0.14985783655901988
v3,6,Продовольствие,2089,557.6032569790486,0.03792523503840301,0.9532318431563835,0.050182388351659404
v3,6,Транспорт,2089,112.48556458128094,0.05904987008311225,0.9760844129492557,0.08176603318985463
v3,12,Все категории,2076,2455.255142311654,0.0667428290509635,0.9370156343602337,0.09233592538397498
v3,12,Здоровье,2076,169.64366390625364,0.10767315002272591,0.9050583596636869,0.14610469492698616
v3,12,Маркетплейсы,2076,763.1667403134713,0.11147190634245267,0.7123600462439963,0.32870831624248403
v3,12,Общественное питание,2076,384.03134642609626,0.30934831523049955,0.8538150430342984,0.45751414753779834
v3,12,Продовольствие,2076,607.5808530718017,0.041249169423927014,0.9386460168412527,0.05539893679577796
v3,12,Транспорт,2076,326.22313663183377,0.1714588734315123,0.8516550677322582,0.21182241366673604
