cohort,model,horizon,n,mae,wape,r2_pooled,mean_scaled_absolute_error
calibration,damped_trend,1,1710,788.7612464494567,0.08311426180857623,0.9810609836743699,0.104017564742408
calibration,damped_trend,3,1140,1592.6494833082704,0.16793402688166853,0.9532326211015201,0.20103749506255875
calibration,damped_trend,6,570,1142.7149447635086,0.1085080964515793,0.9825058575144163,0.26039527831926473
calibration,damped_trend,12,570,740.2476823319271,0.07029125442054497,0.9917443221141394,0.1977273125015872
calibration,panel_k3_w0.25,1,1710,339.895613944529,0.03581587352590932,0.9977618500002595,0.08514499397253061
calibration,panel_k3_w0.25,3,1140,462.6562055745012,0.048783941776396764,0.9962254623160581,0.10988604125443534
calibration,panel_k3_w0.25,6,570,621.3386020676976,0.05900007632805065,0.9949011339641002,0.14611514077002563
calibration,panel_k3_w0.25,12,570,1380.5263710352522,0.13108981317579907,0.9721575868252019,0.24646979519297052
calibration,panel_k3_w0.75,1,1710,290.974665055826,0.030660918750731757,0.9980543120123995,0.06938569653835519
calibration,panel_k3_w0.75,3,1140,396.5800849586808,0.04181666546605387,0.9972428189525763,0.09415055321256588
calibration,panel_k3_w0.75,6,570,596.2661125627116,0.05661928300601067,0.9953506169897189,0.12526316453894293
calibration,panel_k3_w0.75,12,570,1357.7165010284928,0.12892387005404032,0.9743257390650609,0.24546872691011123
calibration,panel_k6_w0.25,1,1710,348.1945079948915,0.036690354182671234,0.9976566083168259,0.08735824561038585
calibration,panel_k6_w0.25,3,1140,469.5441770995471,0.04951023140093139,0.9961705906023771,0.11213618497002545
calibration,panel_k6_w0.25,6,570,589.0485912985331,0.0559339331757108,0.9953307568814892,0.14376327507135014
calibration,panel_k6_w0.25,12,570,1380.5263710352522,0.13108981317579907,0.9721575868252019,0.24646979519297052
calibration,panel_k6_w0.75,1,1710,297.0640021931565,0.03130257142237478,0.9978732778409993,0.0742779873540907
calibration,panel_k6_w0.75,3,1140,413.5602366577167,0.04360710666593261,0.9969408584906747,0.09926515516246544
calibration,panel_k6_w0.75,6,570,515.5551095759164,0.04895525678763707,0.996258539135279,0.11996926068541497
calibration,panel_k6_w0.75,12,570,1357.7165010284928,0.12892387005404032,0.9743257390650609,0.24546872691011123
calibration,seasonal_scaled,1,1710,419.2563966636158,0.04417836965758303,0.9966088136707183,0.10207114453323711
calibration,seasonal_scaled,3,1140,545.8024665086666,0.05755114797284375,0.994683079201008,0.12711880562234035
calibration,seasonal_scaled,6,570,698.467212975267,0.06632393149410598,0.9931533051244452,0.16641964781915922
calibration,seasonal_scaled,12,570,1395.2912280701755,0.1324918308343419,0.9708027906302069,0.24785735525767955
calibration,v2,1,1710,325.17829676651473,0.034265063368134015,0.9980192874478719,0.08061625301106772
calibration,v2,3,1140,385.31305803996855,0.04062863431339047,0.9971454930289981,0.09495826695351613
calibration,v2,6,570,416.03853175876594,0.03950552089873676,0.9971528900936345,0.09966547385112091
calibration,v2,12,570,740.2476823319271,0.07029125442054497,0.9917443221141394,0.1977273125015872
calibration,v2_panel_k3,1,1710,269.4426165315175,0.028392018844226243,0.9985468415252217,0.0688629209665729
calibration,v2_panel_k3,3,1140,347.82658077029276,0.036675940925747996,0.9978176414832034,0.08733707599658648
calibration,v2_panel_k3,6,570,465.12524029310066,0.044166617989084576,0.9967308553835956,0.10293419368522014
calibration,v2_panel_k3,12,570,983.6974372108189,0.09340836652673094,0.985913963508745,0.20883772299892597
calibration,v2_panel_k6,1,1710,275.07108309744314,0.02898510812928804,0.9984513620161789,0.07166147683940122
calibration,v2_panel_k6,3,1140,358.6949864276336,0.037821940184812504,0.9976927061797315,0.09157709794835692
calibration,v2_panel_k6,6,570,418.48237743872545,0.03973757968467371,0.9973029571512538,0.10116840602185416
calibration,v2_panel_k6,12,570,983.6974372108189,0.09340836652673094,0.985913963508745,0.20883772299892597
calibration,v3,1,1710,267.0391361582049,0.028138756532089967,0.9985028923307725,0.06916853960239494
calibration,v3,3,1140,342.58512258226284,0.036123264904141944,0.9977310386274992,0.09022789866968625
calibration,v3,6,570,387.2228293346863,0.0367692855565105,0.9972683013851826,0.09614318234353599
calibration,v3,12,570,740.2476823319271,0.07029125442054497,0.9917443221141394,0.1977273125015872
pilot,damped_trend,1,180,758.5406031746031,0.08009180680648804,0.9809540047044889,0.10409135288973256
pilot,damped_trend,3,120,1511.1398133333334,0.15926349433864162,0.9558051103084643,0.20186290994449116
pilot,damped_trend,6,60,1141.1978316799998,0.1088041561207221,0.9833400272691805,0.28720421658767276
pilot,damped_trend,12,60,767.1091751703751,0.07313777168153607,0.9872446308039015,0.21430973442991127
pilot,panel_k3_w0.25,1,180,281.533236905173,0.029726168283471653,0.9987634967979772,0.08566866013237723
pilot,panel_k3_w0.25,3,120,388.81646490572473,0.04097851721654298,0.9976916908653369,0.10916536999136861
pilot,panel_k3_w0.25,6,60,520.3817135726132,0.04961426637358006,0.9966793779640436,0.14997099652113838
pilot,panel_k3_w0.25,12,60,1406.1913153227763,0.13406918166217222,0.9720731701835221,0.269301403270778
pilot,panel_k3_w0.75,1,180,281.6386504447043,0.029737298552316323,0.9985877722296904,0.0733162683787293
pilot,panel_k3_w0.75,3,120,354.4895484795218,0.03736070196763612,0.9971740463182635,0.09446386841197389
pilot,panel_k3_w0.75,6,60,562.5124004094923,0.05363109299278664,0.9957924641325621,0.14014907023219395
pilot,panel_k3_w0.75,12,60,1371.3475189847984,0.130747102219544,0.9739927523765756,0.2686702985587053
pilot,panel_k6_w0.25,1,180,291.46646691087005,0.030774985360963777,0.9986586675523056,0.08801988412972198
pilot,panel_k6_w0.25,3,120,404.08550018223224,0.042587766004682844,0.9975178451222974,0.11335685978548374
pilot,panel_k6_w0.25,6,60,512.6089450191141,0.04887319458067265,0.9968564589819124,0.1491040960342392
pilot,panel_k6_w0.25,12,60,1406.1913153227763,0.13406918166217222,0.9720731701835221,0.269301403270778
pilot,panel_k6_w0.75,1,180,289.81465153181875,0.030600575609310038,0.9981991441932537,0.07827962440485871
pilot,panel_k6_w0.75,3,120,406.78223651699415,0.04287198302298559,0.9965043913908749,0.10608503954354638
pilot,panel_k6_w0.75,6,60,474.6504959820935,0.04525415772266839,0.997040563215533,0.1323581232702012
pilot,panel_k6_w0.75,12,60,1371.3475189847984,0.130747102219544,0.9739927523765756,0.2686702985587053
pilot,seasonal_scaled,1,180,340.89845780458603,0.03599434665573188,0.9981684976109745,0.10128330572844843
pilot,seasonal_scaled,3,120,457.666103211327,0.048234784230191605,0.9967967679600046,0.1257112618729989
pilot,seasonal_scaled,6,60,614.4479461083222,0.058582735088102945,0.9958235106074751,0.1719582161390858
pilot,seasonal_scaled,12,60,1426.2833333333333,0.1359847961189424,0.9710254058536925,0.2709978216271374
pilot,v2,1,180,278.96218218660545,0.029454699074115406,0.9987796018443742,0.08321454105023539
pilot,v2,3,120,375.42204004804677,0.03956683916487113,0.9974587646982035,0.10171712752913407
pilot,v2,6,60,377.274748097715,0.03597015298565722,0.9974297955737251,0.09911689293659047
pilot,v2,12,60,767.1091751703751,0.07313777168153607,0.9872446308039015,0.21430973442991127
pilot,v2_panel_k3,1,180,233.29895139507988,0.024633268759892524,0.9991135950608901,0.07080616111160572
pilot,v2_panel_k3,3,120,310.5515660285883,0.03272994804428489,0.9983302920121886,0.09101197179230894
pilot,v2_panel_k3,6,60,423.0252653012694,0.04033210170150015,0.9970802489971973,0.10876791016855156
pilot,v2_panel_k3,12,60,1045.261119119738,0.09965735198094473,0.9828802904931739,0.23701766977541394
pilot,v2_panel_k6,1,180,245.820583885409,0.025955386740288147,0.9989831907304411,0.07409024550536243
pilot,v2_panel_k6,3,120,337.46399955904934,0.035566329011419255,0.9980343247152055,0.09835601207662721
pilot,v2_panel_k6,6,60,372.379372626758,0.03550341778670627,0.9977822897429742,0.10563251904257996
pilot,v2_panel_k6,12,60,1045.261119119738,0.09965735198094473,0.9828802904931739,0.23701766977541394
pilot,v3,1,180,240.86264418707395,0.025431894198405237,0.9990241151567687,0.07218761424433309
pilot,v3,3,120,333.5010981732512,0.03514866711352415,0.9980714990662575,0.09720389261613077
pilot,v3,6,60,360.77339163605245,0.03439687961024665,0.9978626436354978,0.0981262295472994
pilot,v3,12,60,767.1091751703751,0.07313777168153607,0.9872446308039015,0.21430973442991127
remaining,damped_trend,1,33180,802.1910990698003,0.084736478215949,0.9806327917586249,0.11049321286435367
remaining,damped_trend,3,22140,1595.1761691742581,0.16863840606729855,0.9516948090538462,0.2074898954123607
remaining,damped_trend,6,11040,1168.5528116355754,0.11132241015881064,0.9804503344704056,0.26756614085856406
remaining,damped_trend,12,10962,789.460256170477,0.07514926366062348,0.9879836436363342,0.21732629172400558
remaining,panel_k3_w0.25,1,33180,385.37773288576716,0.04070794590647183,0.9968497154848642,0.09597942235767115
remaining,panel_k3_w0.25,3,22140,507.9081821093975,0.053694900860891195,0.9949577984020813,0.11928763666946095
remaining,panel_k3_w0.25,6,11040,679.5295333586499,0.06473551274220718,0.9930648724582801,0.1585898636487518
remaining,panel_k3_w0.25,12,10962,1384.4398882063033,0.1317857832207745,0.9709321959272287,0.2576732247206647
remaining,panel_k3_w0.75,1,33180,330.07069089053306,0.034865791880265236,0.9973878897196446,0.07744991356376985
remaining,panel_k3_w0.75,3,22140,441.8977479359798,0.046716427499809136,0.9961314488731374,0.1000098351498659
remaining,panel_k3_w0.75,6,11040,641.0257615575621,0.0610674434564874,0.9942474620449915,0.1358869201994998
remaining,panel_k3_w0.75,12,10962,1354.5485600160405,0.1289404071733054,0.9732715850723216,0.2560877547709944
remaining,panel_k6_w0.25,1,33180,393.66078922616754,0.04158289580801486,0.9967446243657297,0.09826435316021498
remaining,panel_k6_w0.25,3,22140,513.2432809458553,0.05425891540760893,0.994913364036258,0.1213134230467546
remaining,panel_k6_w0.25,6,11040,656.4974601302085,0.06254135782065459,0.9933799629743381,0.1572639550916841
remaining,panel_k6_w0.25,12,10962,1384.4398882063033,0.1317857832207745,0.9709321959272287,0.2576732247206647
remaining,panel_k6_w0.75,1,33180,341.3888934672943,0.036061348184993035,0.9971623269044335,0.08305937092959202
remaining,panel_k6_w0.75,3,22140,455.8427220728831,0.04819065853243194,0.9958444473378153,0.10565073383706039
remaining,panel_k6_w0.75,6,11040,575.3639754037,0.05481216066807037,0.9952073228155708,0.133091796856577
remaining,panel_k6_w0.75,12,10962,1354.5485600160405,0.1289404071733054,0.9732715850723216,0.2560877547709944
remaining,seasonal_scaled,1,33180,460.563029173077,0.04864986551689492,0.9954895571281552,0.1138112045478191
remaining,seasonal_scaled,3,22140,588.7725105308606,0.062243694226928735,0.9930130581508199,0.13837660956888118
remaining,seasonal_scaled,6,11040,754.4594277597158,0.0718737236596896,0.990886936260138,0.17995495158752206
remaining,seasonal_scaled,12,10962,1402.3941798941798,0.13349486457014723,0.9694188104781007,0.25954733131443714
remaining,v2,1,33180,370.6602432869786,0.039153318538719534,0.9970841046815945,0.0919211670390578
remaining,v2,3,22140,442.9884974025029,0.046831739059126395,0.995392489895188,0.10360932852760889
remaining,v2,6,11040,478.7152121416187,0.04560489749770151,0.9957220435129412,0.11219867178201483
remaining,v2,12,10962,789.460256170477,0.07514926366062348,0.9879836436363342,0.21732629172400558
remaining,v2_panel_k3,1,33180,315.80552028535465,0.03335894354994324,0.9978197913063543,0.07821656649348967
remaining,v2_panel_k3,3,22140,399.23100073668206,0.04220579577222348,0.9966659116874761,0.09466553812338278
remaining,v2_panel_k3,6,11040,526.7575050811904,0.05018165584900196,0.9955116304501792,0.115507534094775
remaining,v2_panel_k3,12,10962,1009.5294125029206,0.09609779770465587,0.9834366318144588,0.22314730512097694
remaining,v2_panel_k6,1,33180,323.225289431407,0.0341427033140953,0.9977143094228053,0.08132186073072256
remaining,v2_panel_k6,3,22140,410.061887912274,0.04335081259536977,0.9965529656424069,0.09895303610689016
remaining,v2_panel_k6,6,11040,487.36545773532885,0.046428964821290955,0.9960726113731153,0.11432397126410178
remaining,v2_panel_k6,12,10962,1009.5294125029206,0.09609779770465587,0.9834366318144588,0.22314730512097694
remaining,v3,1,33180,315.77773256650755,0.03335600829743857,0.9977702567097193,0.07901973457828462
remaining,v3,3,22140,400.35950235837436,0.042325098403747284,0.996405456699948,0.09871201967483684
remaining,v3,6,11040,454.5490359758092,0.043302702039941326,0.9959677504303779,0.10824192874858503
remaining,v3,12,10962,789.460256170477,0.07514926366062348,0.9879836436363342,0.21732629172400558
tuning,damped_trend,1,882,818.9335471331389,0.08188701357609479,0.9828775034294119,0.10618089043727234
tuning,damped_trend,3,588,1708.4060544217684,0.17122676839723053,0.9533051366808312,0.20728554823161643
tuning,damped_trend,6,294,1148.6460699428571,0.10369127277715992,0.9849486459813919,0.2626950697252526
tuning,damped_trend,12,294,757.2986045321129,0.06836331767557291,0.9903557602854871,0.20509819266781448
tuning,panel_k3_w0.25,1,882,352.0816527880735,0.03520543905263128,0.998151959625753,0.0892624182699844
tuning,panel_k3_w0.25,3,588,469.91598781435977,0.04709781717489794,0.9970650601078076,0.11070698987275675
tuning,panel_k3_w0.25,6,294,636.5984684803168,0.05746740198919466,0.9956654903785448,0.14671046234891963
tuning,panel_k3_w0.25,12,294,1447.730431495683,0.1306903971625327,0.972552782563447,0.2543433878061809
tuning,panel_k3_w0.75,1,882,290.76511527146073,0.029074260085010236,0.9986902300733426,0.06882795475931203
tuning,panel_k3_w0.75,3,588,406.7629875586978,0.0407682422355101,0.9977981229416606,0.09187734002880008
tuning,panel_k3_w0.75,6,294,610.3603983304826,0.05509882305069878,0.9958663023305951,0.12921717500250393
tuning,panel_k3_w0.75,12,294,1406.629620451369,0.1269801198883759,0.975432686583049,0.2513422914334281
tuning,panel_k6_w0.25,1,882,361.54698344948633,0.03615189882715964,0.9980574168907703,0.0917181858963759
tuning,panel_k6_w0.25,3,588,472.3421965743596,0.047340986463812934,0.9970574805209863,0.11179605318857264
tuning,panel_k6_w0.25,6,294,605.2479991539727,0.05463731346003471,0.9961136984706049,0.14455850883043253
tuning,panel_k6_w0.25,12,294,1447.730431495683,0.1306903971625327,0.972552782563447,0.2543433878061809
tuning,panel_k6_w0.75,1,882,300.1462003371245,0.030012295952291202,0.9985257508828431,0.07313304405739263
tuning,panel_k6_w0.75,3,588,414.9868298704678,0.0415924853592149,0.9976550311418675,0.09527608283198197
tuning,panel_k6_w0.75,6,294,509.4985978662814,0.045993765593575146,0.9972698193919739,0.12288897320165688
tuning,panel_k6_w0.75,12,294,1406.629620451369,0.1269801198883759,0.975432686583049,0.2513422914334281
tuning,seasonal_scaled,1,882,432.15981323099857,0.043212635038549815,0.9971252145327176,0.10765100105982389
tuning,seasonal_scaled,3,588,557.1127232880356,0.055837200409523065,0.9956258822095444,0.1286506441460078
tuning,seasonal_scaled,6,294,726.5069074508359,0.0655836709724895,0.9942323755639129,0.16766097160891888
tuning,seasonal_scaled,12,294,1469.8877551020407,0.13269059648084225,0.9708873612638189,0.2572398342737134
tuning,v2,1,882,331.6137784481794,0.03315881010476107,0.9982513008931512,0.0846025135999167
tuning,v2,3,588,382.0782735153896,0.03829419117282175,0.9977222928960068,0.09200969613788679
tuning,v2,6,294,398.30318071603557,0.035955865640746494,0.997954753878339,0.09769756201991621
tuning,v2,12,294,757.2986045321129,0.06836331767557291,0.9903557602854871,0.20509819266781448
tuning,v2_panel_k3,1,882,274.30668978848576,0.027428544977009653,0.9988709515915041,0.06994296913653703
tuning,v2_panel_k3,3,588,340.49657875421207,0.03412662269575597,0.9984919130620468,0.08393763300832462
tuning,v2_panel_k3,6,294,473.1017689984469,0.04270812904362727,0.9973216848956235,0.10513095103599884
tuning,v2_panel_k3,12,294,1020.596501505613,0.09213190468522502,0.9854668901047403,0.2133513507796353
tuning,v2_panel_k6,1,882,280.2354742741483,0.028021377518021997,0.9987877732069319,0.07268716737128487
tuning,v2_panel_k6,3,588,346.3094719933488,0.034709225948536156,0.998438922165275,0.08782907921889156
tuning,v2_panel_k6,6,294,411.03469664672326,0.037105172747418064,0.9980864769894137,0.1019111118511636
tuning,v2_panel_k6,12,294,1020.596501505613,0.09213190468522502,0.9854668901047403,0.2133513507796353
tuning,v3,1,882,271.2343180817264,0.027121331596213435,0.9988468920026307,0.06966804068142164
tuning,v3,3,588,328.809291807599,0.03295525224198114,0.9985410460602151,0.08595561289705657
tuning,v3,6,294,354.522856234216,0.03200370170887254,0.9984913035690133,0.0916981778278834
tuning,v3,12,294,757.2986045321129,0.06836331767557291,0.9903557602854871,0.20509819266781448
v2_test,damped_trend,1,1710,770.9212497911444,0.0822618389807389,0.9817964741455847,0.10778511156419858
v2_test,damped_trend,3,1146,1576.1503214290428,0.16804732503067926,0.9524559698194084,0.20513300504297532
v2_test,damped_trend,6,570,1134.8804743859648,0.10942877734400505,0.9812850684101163,0.26848481030861765
v2_test,damped_trend,12,570,745.2164650733936,0.07185613680923104,0.989485051629915,0.1995776410859898
v2_test,panel_k3_w0.25,1,1710,356.4136912240293,0.038031440547195934,0.9974338294035461,0.09178824295079024
v2_test,panel_k3_w0.25,3,1146,472.855124509224,0.05041526669155408,0.9958869494896008,0.11032808769115349
v2_test,panel_k3_w0.25,6,570,648.9233087031207,0.06257124504660265,0.993781162188319,0.14660990846361563
v2_test,panel_k3_w0.25,12,570,1361.2558220231501,0.13125660685720938,0.9717654894299821,0.24528479611800832
v2_test,panel_k3_w0.75,1,1710,294.81895757521085,0.031458919601829186,0.9981940228087903,0.07371637892176579
v2_test,panel_k3_w0.75,3,1146,418.32312031813126,0.044601127450973096,0.9968854378479973,0.09376114859104234
v2_test,panel_k3_w0.75,6,570,640.0294775358852,0.06171367361727555,0.994313077922549,0.1302239188335691
v2_test,panel_k3_w0.75,12,570,1327.036833656774,0.12795710339107805,0.9740884865612138,0.2430705328707075
v2_test,panel_k6_w0.25,1,1710,368.8295087979393,0.03935628142602229,0.9972966877750099,0.09446680210958566
v2_test,panel_k6_w0.25,3,1146,477.948910035562,0.05095836021527648,0.9958505580644949,0.11223681158085481
v2_test,panel_k6_w0.25,6,570,621.1454599328998,0.05989281670390286,0.9942563042073504,0.14387234319910136
v2_test,panel_k6_w0.25,12,570,1361.2558220231501,0.13125660685720938,0.9717654894299821,0.24528479611800832
v2_test,panel_k6_w0.75,1,1710,319.79114496109435,0.034123599111300376,0.9978882032605854,0.08157306190513566
v2_test,panel_k6_w0.75,3,1146,440.4432386147148,0.04695954888994648,0.9965788066053851,0.10129939061097623
v2_test,panel_k6_w0.75,6,570,548.5493463185995,0.05289286901598658,0.9957751940755079,0.12647155586459094
v2_test,panel_k6_w0.75,12,570,1327.036833656774,0.12795710339107805,0.9740884865612138,0.2430705328707075
v2_test,seasonal_scaled,1,1710,429.4894557267876,0.04582905512138087,0.9962080775620697,0.10875223068213437
v2_test,seasonal_scaled,3,1146,554.4318625366345,0.05911288418644223,0.9941280166896854,0.12913237943855138
v2_test,seasonal_scaled,6,570,728.2212091659958,0.07021740029329858,0.9916588344254097,0.16682787307650981
v2_test,seasonal_scaled,12,570,1381.680701754386,0.1332260385875392,0.9703790921434177,0.24736050370444468
v2_test,v2,1,1710,347.52762400414673,0.03708324482550316,0.9976164640497077,0.08784434556381993
v2_test,v2,3,1146,399.9691395493155,0.04264424724105279,0.9968405627076153,0.09448606240872186
v2_test,v2,6,570,443.09644959970996,0.04272476601679162,0.996598321579912,0.09694006643608957
v2_test,v2,12,570,745.2164650733936,0.07185613680923104,0.989485051629915,0.1995776410859898
v2_test,v2_panel_k3,1,1710,288.42593555738233,0.030776746490148315,0.9983409343839935,0.07440002288066865
v2_test,v2_panel_k3,3,1146,354.8657039503467,0.03783537108308067,0.9977034796870803,0.08594168079444661
v2_test,v2_panel_k3,6,570,504.9344805501952,0.04868738522912197,0.9960339997433144,0.10419327778231566
v2_test,v2_panel_k3,12,570,981.8618135079811,0.0946742323953359,0.9844550260408155,0.20906516044473278
v2_test,v2_panel_k6,1,1710,303.545756055156,0.03239012041069143,0.9981867273428482,0.07875341715031847
v2_test,v2_panel_k6,3,1146,369.99136894710375,0.039448051997747875,0.9975814946413463,0.0908014791367369
v2_test,v2_panel_k6,6,570,452.5688223757023,0.04363812226427161,0.996813090737939,0.1019651571990484
v2_test,v2_panel_k6,12,570,981.8618135079811,0.0946742323953359,0.9844550260408155,0.20906516044473278
v2_test,v3,1,1710,295.8486807496393,0.03156879713081482,0.9982504014286885,0.07665802806030741
v2_test,v3,3,1146,356.2178431126761,0.037979534597314936,0.9976049672095878,0.08924586594634341
v2_test,v3,6,570,408.2325407075518,0.039363077266647374,0.9969048577892035,0.09582491692959635
v2_test,v3,12,570,745.2164650733936,0.07185613680923104,0.989485051629915,0.1995776410859898
