cohort,h,n,V2_MAE,V3_MAE,change_pct
all,1,37662,366.1921974978669,311.25875625221414,-15.001259344411011
all,3,25134,436.6634647176457,393.73327228172883,-9.831413870101613
all,6,12534,471.87334461737504,446.58584979480065,-5.358958099885703
all,12,12456,784.3168137768517,784.3168137768517,0.0
remaining,1,33180,370.6602432869786,315.77773256650755,-14.806689337323675
remaining,3,22140,442.9884974025029,400.35950235837436,-9.623047843022325
remaining,6,11040,478.7152121416187,454.5490359758092,-5.0481320737015505
remaining,12,10962,789.460256170477,789.460256170477,0.0
v2_test,1,1710,347.52762400414673,295.8486807496393,-14.87045624145573
v2_test,3,1146,399.9691395493155,356.2178431126761,-10.938668039723831
v2_test,6,570,443.09644959970996,408.2325407075518,-7.868243792892937
v2_test,12,570,745.2164650733936,745.2164650733936,0.0
