cohort,h,coverage,width
all,1,0.950188518931549,1893.1036372084939
all,3,0.9266730325455558,2177.499390509902
all,6,0.8753789692037658,1994.9860395294468
all,12,0.8935452793834296,3288.7906909375156
remaining,1,0.9481916817359856,1891.3682097875108
remaining,3,0.9237579042457091,2175.8077968552657
remaining,6,0.8721014492753624,1993.4877838178923
remaining,12,0.8910782703886152,3285.578130512615
v2_test,1,0.960233918128655,1870.5419429409703
v2_test,3,0.9397905759162304,2155.8013969557223
v2_test,6,0.8912280701754386,1972.9241934065772
v2_test,12,0.9087719298245615,3248.480345495983
