territory_id,name,month,actual,relative_log_yoy_pp,cusum_v1,v2_multiscale,panel3_experimental,news_known_after_month
1673,Орск,2023-01-01,21964.0,,False,False,False,False
1673,Орск,2023-02-01,22950.0,,False,False,False,False
1673,Орск,2023-03-01,25396.0,,False,False,False,False
1673,Орск,2023-04-01,24168.0,,False,False,False,False
1673,Орск,2023-05-01,25464.0,,False,False,False,False
1673,Орск,2023-06-01,24722.0,,False,False,False,False
1673,Орск,2023-07-01,25892.0,,False,False,False,False
1673,Орск,2023-08-01,26708.0,,False,False,False,False
1673,Орск,2023-09-01,25531.0,,False,False,False,False
1673,Орск,2023-10-01,26441.0,,False,False,False,False
1673,Орск,2023-11-01,27775.0,,False,False,False,False
1673,Орск,2023-12-01,32081.0,,False,False,False,False
1673,Орск,2024-01-01,26329.0,11.110941763399573,False,False,False,False
1673,Орск,2024-02-01,27821.0,8.628226930060556,False,False,False,False
1673,Орск,2024-03-01,30843.0,7.497448949556684,False,False,False,False
1673,Орск,2024-04-01,30327.0,5.113540935195182,False,False,False,True
1673,Орск,2024-05-01,32831.0,9.512573680869707,False,False,False,True
1673,Орск,2024-06-01,32257.0,9.658324909915628,False,False,False,True
1673,Орск,2024-07-01,32470.0,7.35313786630174,False,False,False,True
1673,Орск,2024-08-01,32637.0,5.026051313051383,False,False,False,True
1673,Орск,2024-09-01,30287.0,3.3629293739410926,False,False,False,True
1673,Орск,2024-10-01,32665.0,5.577651318754384,False,False,False,True
1673,Орск,2024-11-01,33299.0,4.877019711234798,False,False,False,True
1673,Орск,2024-12-01,37851.0,2.861316571153516,False,False,False,True
1665,Оренбург,2023-01-01,23957.0,,False,False,False,False
1665,Оренбург,2023-02-01,25056.0,,False,False,False,False
1665,Оренбург,2023-03-01,27982.0,,False,False,False,False
1665,Оренбург,2023-04-01,26605.0,,False,False,False,False
1665,Оренбург,2023-05-01,27552.0,,False,False,False,False
1665,Оренбург,2023-06-01,27562.0,,False,False,False,False
1665,Оренбург,2023-07-01,29109.0,,False,False,False,False
1665,Оренбург,2023-08-01,29915.0,,False,False,False,False
1665,Оренбург,2023-09-01,28478.0,,False,False,False,False
1665,Оренбург,2023-10-01,29401.0,,False,False,False,False
1665,Оренбург,2023-11-01,29879.0,,False,False,False,False
1665,Оренбург,2023-12-01,34865.0,,False,False,False,False
1665,Оренбург,2024-01-01,28076.0,8.84991600876095,False,False,False,False
1665,Оренбург,2024-02-01,29865.0,6.93841832280917,False,False,False,False
1665,Оренбург,2024-03-01,33470.0,5.974551368451131,False,False,False,False
1665,Оренбург,2024-04-01,32547.0,2.571401996645406,False,False,False,True
1665,Оренбург,2024-05-01,32990.0,2.115042200138717,False,False,False,True
1665,Оренбург,2024-06-01,34245.0,4.764663498820632,False,False,False,True
1665,Оренбург,2024-07-01,34726.0,2.359238188544577,False,False,False,True
1665,Оренбург,2024-08-01,35258.0,1.4111208170820788,False,False,False,True
1665,Оренбург,2024-09-01,32594.0,-0.21978045250126144,False,False,False,True
1665,Оренбург,2024-10-01,34555.0,0.5913883899363981,False,False,False,True
1665,Оренбург,2024-11-01,34773.0,1.906575944486999,False,False,False,True
1665,Оренбург,2024-12-01,40300.0,0.8088612479735247,False,False,False,True
1333,Курган,2023-01-01,23452.0,,False,False,False,False
1333,Курган,2023-02-01,24319.0,,False,False,False,False
1333,Курган,2023-03-01,27091.0,,False,False,False,False
1333,Курган,2023-04-01,25325.0,,False,False,False,False
1333,Курган,2023-05-01,26350.0,,False,False,False,False
1333,Курган,2023-06-01,26588.0,,False,False,False,False
1333,Курган,2023-07-01,28037.0,,False,False,False,False
1333,Курган,2023-08-01,28474.0,,False,False,False,False
1333,Курган,2023-09-01,27077.0,,False,False,False,False
1333,Курган,2023-10-01,28069.0,,False,False,False,False
1333,Курган,2023-11-01,28508.0,,False,False,False,False
1333,Курган,2023-12-01,33495.0,,False,False,False,False
1333,Курган,2024-01-01,26933.0,6.824173210192974,False,False,False,False
1333,Курган,2024-02-01,29052.0,7.163939429695887,False,False,False,False
1333,Курган,2024-03-01,32973.0,7.714419512388915,False,False,False,False
1333,Курган,2024-04-01,31479.0,4.165573891454244,False,False,False,True
1333,Курган,2024-05-01,32545.0,5.217529590398229,False,False,False,True
1333,Курган,2024-06-01,33615.0,6.505570673179584,False,False,False,True
1333,Курган,2024-07-01,34567.0,5.652432295204068,False,False,False,True
1333,Курган,2024-08-01,35307.0,6.486690450615562,False,False,False,True
1333,Курган,2024-09-01,32511.0,4.569792854935351,False,False,False,True
1333,Курган,2024-10-01,34239.0,4.308854754425262,False,False,False,True
1333,Курган,2024-11-01,34339.0,5.347616717593073,False,False,False,True
1333,Курган,2024-12-01,40907.0,6.312408648712342,False,False,False,True
