model,horizon,n,mae,wape,r2_pooled,mean_scaled_absolute_error
damped_trend,1,37662,800.3450276897207,0.08445898498864668,0.98076476548458,0.10994464893551532
damped_trend,3,25134,1596.4418159643185,0.16859866646416818,0.9518624275454807,0.2070581246174012
damped_trend,6,12534,1165.2486232516317,0.1109083566093192,0.9807163151777674,0.26726156447191046
damped_trend,12,12456,784.3168137768517,0.07459951062566775,0.9882839546617375,0.21531407242562625
panel_k3_w0.25,1,37662,380.7215253940312,0.04017686433428458,0.9969606922342763,0.0950906186794212
panel_k3_w0.25,3,25134,502.80002289997987,0.05310022107375351,0.9951254427803413,0.11820362480425435
panel_k3_w0.25,6,12534,673.7225299159433,0.06412490614675827,0.9932672070421309,0.15715785132178442
panel_k3_w0.25,12,12456,1384.798501151243,0.13171372675740267,0.9710750630599592,0.25657105384123696
panel_k3_w0.75,1,37662,325.54305154257435,0.03435397828703928,0.9974935918704647,0.07669257781022185
panel_k3_w0.75,3,25134,437.5280939978564,0.04620691618760289,0.9962647206059807,0.09924242847585193
panel_k3_w0.75,6,12534,637.8498161070223,0.060710541472752816,0.9943523720016916,0.13501021463136087
panel_k3_w0.75,12,12456,1354.744755557019,0.12885519475296792,0.9734184151863825,0.25495473646994676
panel_k6_w0.25,1,37662,389.22851836563063,0.0410745921477013,0.9968545299620388,0.09739448485372625
panel_k6_w0.25,3,25134,508.1739287237633,0.05366775403770725,0.9950812710659488,0.12022267548507098
panel_k6_w0.25,6,12534,649.9315475899022,0.061860480599067416,0.9935973093581919,0.15570391048225238
panel_k6_w0.25,12,12456,1384.798501151243,0.13171372675740267,0.9710750630599592,0.25657105384123696
panel_k6_w0.75,1,37662,337.1834043027896,0.03558236397699038,0.9972675990498292,0.08233787103522476
panel_k6_w0.75,3,25134,452.0327290634903,0.047738736580404444,0.9959783223569911,0.10492206441984314
panel_k6_w0.75,6,12534,569.3975942116112,0.054195259424625435,0.995344259321282,0.1319511367678006
panel_k6_w0.75,12,12456,1354.744755557019,0.12885519475296792,0.9734184151863825,0.25495473646994676
seasonal_scaled,1,37662,456.03959941651664,0.04812504650966636,0.9956283830209363,0.11284432362808157
seasonal_scaled,3,25134,583.8911165400987,0.06166417255205192,0.9932257048888186,0.13715648966673388
seasonal_scaled,6,12534,749.3939995727484,0.07132731615126754,0.9911377863650406,0.1784157947230048
seasonal_scaled,12,12456,1402.8293994861915,0.13342871764922232,0.9695725235440456,0.25845539547618585
v2,1,37662,366.1921974978669,0.038643610244833294,0.9971892891738929,0.0910097705990963
v2,3,25134,436.6634647176457,0.04611560353081098,0.9956075731677396,0.10252055948441308
v2,6,12534,471.87334461737504,0.044912901963544735,0.9958935899938568,0.11053204015056683
v2,12,12456,784.3168137768517,0.07459951062566775,0.9882839546617375,0.21531407242562625
v2_panel_k3,1,37662,311.0911448883396,0.0328288943233259,0.9979098693720642,0.07738941421090981
v2_panel_k3,3,25134,393.07913310043284,0.041512704686699015,0.9968202812972894,0.09366695359680956
v2_panel_k3,6,12534,521.207143208923,0.049608492602232115,0.9956464023922872,0.11414555683401215
v2_panel_k3,12,12456,1007.5145497235521,0.09582874042402079,0.983648451160867,0.22168366727800035
v2_panel_k6,1,37662,318.7686604984919,0.03363908886847067,0.9978032814086227,0.08052984795231888
v2_panel_k6,3,25134,404.06693089829736,0.04267311531837548,0.9967071757877989,0.09798372030668731
v2_panel_k6,6,12534,480.30962186564517,0.04571586677880904,0.9962232194153688,0.1128309072776763
v2_panel_k6,12,12456,1007.5145497235521,0.09582874042402079,0.983648451160867,0.22168366727800035
v3,1,37662,311.25875625221414,0.032846582051962475,0.9978593653243671,0.07821356291369812
v3,3,25134,393.73327228172883,0.04158178768900176,0.9965831138161252,0.0975899598136486
v3,6,12534,446.58584979480065,0.04250603836587563,0.9961445153775096,0.10669056550377373
v3,12,12456,784.3168137768517,0.07459951062566775,0.9882839546617375,0.21531407242562625
