"period";"value";"obs_status";"source";"type";"ref_area";"freq";"decimals";"unit_measure";"unit_mult"
"2018-12-01";"169.78";"A";"Данные СберИндекса";"Общественное питание";"Россия";"Месяц";"2";"млрд. руб.";"0"
"2019-01-01";"134.81";"A";"Данные СберИндекса";"Общественное питание";"Россия";"Месяц";"2";"млрд. руб.";"0"
"2019-02-01";"130.14";"A";"Данные СберИндекса";"Общественное питание";"Россия";"Месяц";"2";"млрд. руб.";"0"
"2019-03-01";"138.54";"A";"Данные СберИндекса";"Общественное питание";"Россия";"Месяц";"2";"млрд. руб.";"0"
"2019-04-01";"141.66";"A";"Данные СберИндекса";"Общественное питание";"Россия";"Месяц";"2";"млрд. руб.";"0"
"2019-05-01";"145.4";"A";"Данные СберИндекса";"Общественное питание";"Россия";"Месяц";"2";"млрд. руб.";"0"
"2019-06-01";"149.29";"A";"Данные СберИндекса";"Общественное питание";"Россия";"Месяц";"2";"млрд. руб.";"0"
"2019-07-01";"151.51";"A";"Данные СберИндекса";"Общественное питание";"Россия";"Месяц";"2";"млрд. руб.";"0"
"2019-08-01";"156.92";"A";"Данные СберИндекса";"Общественное питание";"Россия";"Месяц";"2";"млрд. руб.";"0"
"2019-09-01";"166.99";"A";"Данные СберИндекса";"Общественное питание";"Россия";"Месяц";"2";"млрд. руб.";"0"
"2019-10-01";"165.49";"A";"Данные СберИндекса";"Общественное питание";"Россия";"Месяц";"2";"млрд. руб.";"0"
"2019-11-01";"160.26";"A";"Данные СберИндекса";"Общественное питание";"Россия";"Месяц";"2";"млрд. руб.";"0"
"2019-12-01";"184.06";"A";"Данные СберИндекса";"Общественное питание";"Россия";"Месяц";"2";"млрд. руб.";"0"
"2020-01-01";"141.93";"A";"Данные СберИндекса";"Общественное питание";"Россия";"Месяц";"2";"млрд. руб.";"0"
"2020-02-01";"138.34";"A";"Данные СберИндекса";"Общественное питание";"Россия";"Месяц";"2";"млрд. руб.";"0"
"2020-03-01";"132.99";"A";"Данные СберИндекса";"Общественное питание";"Россия";"Месяц";"2";"млрд. руб.";"0"
"2020-04-01";"66.15";"A";"Данные СберИндекса";"Общественное питание";"Россия";"Месяц";"2";"млрд. руб.";"0"
"2020-05-01";"66.99";"A";"Данные СберИндекса";"Общественное питание";"Россия";"Месяц";"2";"млрд. руб.";"0"
"2020-06-01";"82.32";"A";"Данные СберИндекса";"Общественное питание";"Россия";"Месяц";"2";"млрд. руб.";"0"
"2020-07-01";"112.14";"A";"Данные СберИндекса";"Общественное питание";"Россия";"Месяц";"2";"млрд. руб.";"0"
"2020-08-01";"131.67";"A";"Данные СберИндекса";"Общественное питание";"Россия";"Месяц";"2";"млрд. руб.";"0"
"2020-09-01";"146.7";"A";"Данные СберИндекса";"Общественное питание";"Россия";"Месяц";"2";"млрд. руб.";"0"
"2020-10-01";"145.22";"A";"Данные СберИндекса";"Общественное питание";"Россия";"Месяц";"2";"млрд. руб.";"0"
"2020-11-01";"135.69";"A";"Данные СберИндекса";"Общественное питание";"Россия";"Месяц";"2";"млрд. руб.";"0"
"2020-12-01";"147.28";"A";"Данные СберИндекса";"Общественное питание";"Россия";"Месяц";"2";"млрд. руб.";"0"
"2021-01-01";"135.95";"A";"Данные СберИндекса";"Общественное питание";"Россия";"Месяц";"2";"млрд. руб.";"0"
"2021-02-01";"135.67";"A";"Данные СберИндекса";"Общественное питание";"Россия";"Месяц";"2";"млрд. руб.";"0"
"2021-03-01";"148.62";"A";"Данные СберИндекса";"Общественное питание";"Россия";"Месяц";"2";"млрд. руб.";"0"
"2021-04-01";"154.85";"A";"Данные СберИндекса";"Общественное питание";"Россия";"Месяц";"2";"млрд. руб.";"0"
"2021-05-01";"157.75";"A";"Данные СберИндекса";"Общественное питание";"Россия";"Месяц";"2";"млрд. руб.";"0"
"2021-06-01";"156.36";"A";"Данные СберИндекса";"Общественное питание";"Россия";"Месяц";"2";"млрд. руб.";"0"
"2021-07-01";"159.61";"A";"Данные СберИндекса";"Общественное питание";"Россия";"Месяц";"2";"млрд. руб.";"0"
"2021-08-01";"169.85";"A";"Данные СберИндекса";"Общественное питание";"Россия";"Месяц";"2";"млрд. руб.";"0"
"2021-09-01";"182.17";"A";"Данные СберИндекса";"Общественное питание";"Россия";"Месяц";"2";"млрд. руб.";"0"
"2021-10-01";"177.26";"A";"Данные СберИндекса";"Общественное питание";"Россия";"Месяц";"2";"млрд. руб.";"0"
"2021-11-01";"164.97";"A";"Данные СберИндекса";"Общественное питание";"Россия";"Месяц";"2";"млрд. руб.";"0"
"2021-12-01";"188.36";"A";"Данные СберИндекса";"Общественное питание";"Россия";"Месяц";"2";"млрд. руб.";"0"
"2022-01-01";"170.16";"A";"Данные СберИндекса";"Общественное питание";"Россия";"Месяц";"2";"млрд. руб.";"0"
"2022-02-01";"167.57";"A";"Данные СберИндекса";"Общественное питание";"Россия";"Месяц";"2";"млрд. руб.";"0"
"2022-03-01";"177.81";"A";"Данные СберИндекса";"Общественное питание";"Россия";"Месяц";"2";"млрд. руб.";"0"
"2022-04-01";"180.93";"A";"Данные СберИндекса";"Общественное питание";"Россия";"Месяц";"2";"млрд. руб.";"0"
"2022-05-01";"182.83";"A";"Данные СберИндекса";"Общественное питание";"Россия";"Месяц";"2";"млрд. руб.";"0"
"2022-06-01";"185.85";"A";"Данные СберИндекса";"Общественное питание";"Россия";"Месяц";"2";"млрд. руб.";"0"
"2022-07-01";"191.54";"A";"Данные СберИндекса";"Общественное питание";"Россия";"Месяц";"2";"млрд. руб.";"0"
"2022-08-01";"203.73";"A";"Данные СберИндекса";"Общественное питание";"Россия";"Месяц";"2";"млрд. руб.";"0"
"2022-09-01";"221.98";"A";"Данные СберИндекса";"Общественное питание";"Россия";"Месяц";"2";"млрд. руб.";"0"
"2022-10-01";"221.2";"A";"Данные СберИндекса";"Общественное питание";"Россия";"Месяц";"2";"млрд. руб.";"0"
"2022-11-01";"215.79";"A";"Данные СберИндекса";"Общественное питание";"Россия";"Месяц";"2";"млрд. руб.";"0"
"2022-12-01";"230.75";"A";"Данные СберИндекса";"Общественное питание";"Россия";"Месяц";"2";"млрд. руб.";"0"
"2023-01-01";"217.67";"A";"Данные СберИндекса";"Общественное питание";"Россия";"Месяц";"2";"млрд. руб.";"0"
"2023-02-01";"208.02";"A";"Данные СберИндекса";"Общественное питание";"Россия";"Месяц";"2";"млрд. руб.";"0"
"2023-03-01";"227.53";"A";"Данные СберИндекса";"Общественное питание";"Россия";"Месяц";"2";"млрд. руб.";"0"
"2023-04-01";"227.72";"A";"Данные СберИндекса";"Общественное питание";"Россия";"Месяц";"2";"млрд. руб.";"0"
"2023-05-01";"233.54";"A";"Данные СберИндекса";"Общественное питание";"Россия";"Месяц";"2";"млрд. руб.";"0"
"2023-06-01";"230.88";"A";"Данные СберИндекса";"Общественное питание";"Россия";"Месяц";"2";"млрд. руб.";"0"
"2023-07-01";"232.95";"A";"Данные СберИндекса";"Общественное питание";"Россия";"Месяц";"2";"млрд. руб.";"0"
"2023-08-01";"238.88";"A";"Данные СберИндекса";"Общественное питание";"Россия";"Месяц";"2";"млрд. руб.";"0"
"2023-09-01";"256.35";"A";"Данные СберИндекса";"Общественное питание";"Россия";"Месяц";"2";"млрд. руб.";"0"
"2023-10-01";"261.75";"A";"Данные СберИндекса";"Общественное питание";"Россия";"Месяц";"2";"млрд. руб.";"0"
"2023-11-01";"253.98";"A";"Данные СберИндекса";"Общественное питание";"Россия";"Месяц";"2";"млрд. руб.";"0"
"2023-12-01";"279.1";"A";"Данные СберИндекса";"Общественное питание";"Россия";"Месяц";"2";"млрд. руб.";"0"
"2024-01-01";"255.91";"A";"Данные СберИндекса";"Общественное питание";"Россия";"Месяц";"2";"млрд. руб.";"0"
"2024-02-01";"261.36";"A";"Данные СберИндекса";"Общественное питание";"Россия";"Месяц";"2";"млрд. руб.";"0"
"2024-03-01";"273.77";"A";"Данные СберИндекса";"Общественное питание";"Россия";"Месяц";"2";"млрд. руб.";"0"
"2024-04-01";"279.4";"A";"Данные СберИндекса";"Общественное питание";"Россия";"Месяц";"2";"млрд. руб.";"0"
"2024-05-01";"282.57";"A";"Данные СберИндекса";"Общественное питание";"Россия";"Месяц";"2";"млрд. руб.";"0"
"2024-06-01";"287.66";"A";"Данные СберИндекса";"Общественное питание";"Россия";"Месяц";"2";"млрд. руб.";"0"
"2024-07-01";"294.91";"A";"Данные СберИндекса";"Общественное питание";"Россия";"Месяц";"2";"млрд. руб.";"0"
"2024-08-01";"307.4";"A";"Данные СберИндекса";"Общественное питание";"Россия";"Месяц";"2";"млрд. руб.";"0"
"2024-09-01";"313.02";"A";"Данные СберИндекса";"Общественное питание";"Россия";"Месяц";"2";"млрд. руб.";"0"
"2024-10-01";"319.03";"A";"Данные СберИндекса";"Общественное питание";"Россия";"Месяц";"2";"млрд. руб.";"0"
"2024-11-01";"311.48";"A";"Данные СберИндекса";"Общественное питание";"Россия";"Месяц";"2";"млрд. руб.";"0"
"2024-12-01";"345.65";"A";"Данные СберИндекса";"Общественное питание";"Россия";"Месяц";"2";"млрд. руб.";"0"
"2018-12-01";"1719.39";"A";"Данные СберИндекса";"Непродовольственные товары";"Россия";"Месяц";"2";"млрд. руб.";"0"
"2019-01-01";"1291.65";"A";"Данные СберИндекса";"Непродовольственные товары";"Россия";"Месяц";"2";"млрд. руб.";"0"
"2019-02-01";"1259.41";"A";"Данные СберИндекса";"Непродовольственные товары";"Россия";"Месяц";"2";"млрд. руб.";"0"
"2019-03-01";"1379.37";"A";"Данные СберИндекса";"Непродовольственные товары";"Россия";"Месяц";"2";"млрд. руб.";"0"
"2019-04-01";"1368.53";"A";"Данные СберИндекса";"Непродовольственные товары";"Россия";"Месяц";"2";"млрд. руб.";"0"
"2019-05-01";"1383.87";"A";"Данные СберИндекса";"Непродовольственные товары";"Россия";"Месяц";"2";"млрд. руб.";"0"
"2019-06-01";"1424.2";"A";"Данные СберИндекса";"Непродовольственные товары";"Россия";"Месяц";"2";"млрд. руб.";"0"
"2019-07-01";"1468.44";"A";"Данные СберИндекса";"Непродовольственные товары";"Россия";"Месяц";"2";"млрд. руб.";"0"
"2019-08-01";"1540.48";"A";"Данные СберИндекса";"Непродовольственные товары";"Россия";"Месяц";"2";"млрд. руб.";"0"
"2019-09-01";"1514.31";"A";"Данные СберИндекса";"Непродовольственные товары";"Россия";"Месяц";"2";"млрд. руб.";"0"
"2019-10-01";"1530.86";"A";"Данные СберИндекса";"Непродовольственные товары";"Россия";"Месяц";"2";"млрд. руб.";"0"
"2019-11-01";"1542.42";"A";"Данные СберИндекса";"Непродовольственные товары";"Россия";"Месяц";"2";"млрд. руб.";"0"
"2019-12-01";"1800";"A";"Данные СберИндекса";"Непродовольственные товары";"Россия";"Месяц";"2";"млрд. руб.";"0"
"2020-01-01";"1367.38";"A";"Данные СберИндекса";"Непродовольственные товары";"Россия";"Месяц";"2";"млрд. руб.";"0"
"2020-02-01";"1356.53";"A";"Данные СберИндекса";"Непродовольственные товары";"Россия";"Месяц";"2";"млрд. руб.";"0"
"2020-03-01";"1522.43";"A";"Данные СберИндекса";"Непродовольственные товары";"Россия";"Месяц";"2";"млрд. руб.";"0"
"2020-04-01";"914.98";"A";"Данные СберИндекса";"Непродовольственные товары";"Россия";"Месяц";"2";"млрд. руб.";"0"
"2020-05-01";"1041.55";"A";"Данные СберИндекса";"Непродовольственные товары";"Россия";"Месяц";"2";"млрд. руб.";"0"
"2020-06-01";"1340.05";"A";"Данные СберИндекса";"Непродовольственные товары";"Россия";"Месяц";"2";"млрд. руб.";"0"
"2020-07-01";"1511.63";"A";"Данные СберИндекса";"Непродовольственные товары";"Россия";"Месяц";"2";"млрд. руб.";"0"
"2020-08-01";"1609";"A";"Данные СберИндекса";"Непродовольственные товары";"Россия";"Месяц";"2";"млрд. руб.";"0"
"2020-09-01";"1574.09";"A";"Данные СберИндекса";"Непродовольственные товары";"Россия";"Месяц";"2";"млрд. руб.";"0"
"2020-10-01";"1606.02";"A";"Данные СберИндекса";"Непродовольственные товары";"Россия";"Месяц";"2";"млрд. руб.";"0"
"2020-11-01";"1588.01";"A";"Данные СберИндекса";"Непродовольственные товары";"Россия";"Месяц";"2";"млрд. руб.";"0"
"2020-12-01";"1854.81";"A";"Данные СберИндекса";"Непродовольственные товары";"Россия";"Месяц";"2";"млрд. руб.";"0"
"2021-01-01";"1476.75";"A";"Данные СберИндекса";"Непродовольственные товары";"Россия";"Месяц";"2";"млрд. руб.";"0"
"2021-02-01";"1448.63";"A";"Данные СберИндекса";"Непродовольственные товары";"Россия";"Месяц";"2";"млрд. руб.";"0"
"2021-03-01";"1622.26";"A";"Данные СберИндекса";"Непродовольственные товары";"Россия";"Месяц";"2";"млрд. руб.";"0"
"2021-04-01";"1653.34";"A";"Данные СберИндекса";"Непродовольственные товары";"Россия";"Месяц";"2";"млрд. руб.";"0"
"2021-05-01";"1678.83";"A";"Данные СберИндекса";"Непродовольственные товары";"Россия";"Месяц";"2";"млрд. руб.";"0"
"2021-06-01";"1701.21";"A";"Данные СберИндекса";"Непродовольственные товары";"Россия";"Месяц";"2";"млрд. руб.";"0"
"2021-07-01";"1765.41";"A";"Данные СберИндекса";"Непродовольственные товары";"Россия";"Месяц";"2";"млрд. руб.";"0"
"2021-08-01";"1877.28";"A";"Данные СберИндекса";"Непродовольственные товары";"Россия";"Месяц";"2";"млрд. руб.";"0"
"2021-09-01";"1849.6";"A";"Данные СберИндекса";"Непродовольственные товары";"Россия";"Месяц";"2";"млрд. руб.";"0"
"2021-10-01";"1847.68";"A";"Данные СберИндекса";"Непродовольственные товары";"Россия";"Месяц";"2";"млрд. руб.";"0"
"2021-11-01";"1806";"A";"Данные СберИндекса";"Непродовольственные товары";"Россия";"Месяц";"2";"млрд. руб.";"0"
"2021-12-01";"2190.8";"A";"Данные СберИндекса";"Непродовольственные товары";"Россия";"Месяц";"2";"млрд. руб.";"0"
"2022-01-01";"1728.24";"A";"Данные СберИндекса";"Непродовольственные товары";"Россия";"Месяц";"2";"млрд. руб.";"0"
"2022-02-01";"1751.5";"A";"Данные СберИндекса";"Непродовольственные товары";"Россия";"Месяц";"2";"млрд. руб.";"0"
"2022-03-01";"1981.92";"A";"Данные СберИндекса";"Непродовольственные товары";"Россия";"Месяц";"2";"млрд. руб.";"0"
"2022-04-01";"1666.47";"A";"Данные СберИндекса";"Непродовольственные товары";"Россия";"Месяц";"2";"млрд. руб.";"0"
"2022-05-01";"1676.05";"A";"Данные СберИндекса";"Непродовольственные товары";"Россия";"Месяц";"2";"млрд. руб.";"0"
"2022-06-01";"1700.35";"A";"Данные СберИндекса";"Непродовольственные товары";"Россия";"Месяц";"2";"млрд. руб.";"0"
"2022-07-01";"1751.4";"A";"Данные СберИндекса";"Непродовольственные товары";"Россия";"Месяц";"2";"млрд. руб.";"0"
"2022-08-01";"1847.69";"A";"Данные СберИндекса";"Непродовольственные товары";"Россия";"Месяц";"2";"млрд. руб.";"0"
"2022-09-01";"1773.71";"A";"Данные СберИндекса";"Непродовольственные товары";"Россия";"Месяц";"2";"млрд. руб.";"0"
"2022-10-01";"1789.38";"A";"Данные СберИндекса";"Непродовольственные товары";"Россия";"Месяц";"2";"млрд. руб.";"0"
"2022-11-01";"1806.31";"A";"Данные СберИндекса";"Непродовольственные товары";"Россия";"Месяц";"2";"млрд. руб.";"0"
"2022-12-01";"2070.19";"A";"Данные СберИндекса";"Непродовольственные товары";"Россия";"Месяц";"2";"млрд. руб.";"0"
"2023-01-01";"1764.09";"A";"Данные СберИндекса";"Непродовольственные товары";"Россия";"Месяц";"2";"млрд. руб.";"0"
"2023-02-01";"1727.5";"A";"Данные СберИндекса";"Непродовольственные товары";"Россия";"Месяц";"2";"млрд. руб.";"0"
"2023-03-01";"1901.17";"A";"Данные СберИндекса";"Непродовольственные товары";"Россия";"Месяц";"2";"млрд. руб.";"0"
"2023-04-01";"1909.77";"A";"Данные СберИндекса";"Непродовольственные товары";"Россия";"Месяц";"2";"млрд. руб.";"0"
"2023-05-01";"1969.64";"A";"Данные СберИндекса";"Непродовольственные товары";"Россия";"Месяц";"2";"млрд. руб.";"0"
"2023-06-01";"2046.96";"A";"Данные СберИндекса";"Непродовольственные товары";"Россия";"Месяц";"2";"млрд. руб.";"0"
"2023-07-01";"2180.68";"A";"Данные СберИндекса";"Непродовольственные товары";"Россия";"Месяц";"2";"млрд. руб.";"0"
"2023-08-01";"2323.19";"A";"Данные СберИндекса";"Непродовольственные товары";"Россия";"Месяц";"2";"млрд. руб.";"0"
"2023-09-01";"2254.86";"A";"Данные СберИндекса";"Непродовольственные товары";"Россия";"Месяц";"2";"млрд. руб.";"0"
"2023-10-01";"2304.53";"A";"Данные СберИндекса";"Непродовольственные товары";"Россия";"Месяц";"2";"млрд. руб.";"0"
"2023-11-01";"2211.92";"A";"Данные СберИндекса";"Непродовольственные товары";"Россия";"Месяц";"2";"млрд. руб.";"0"
"2023-12-01";"2535.52";"A";"Данные СберИндекса";"Непродовольственные товары";"Россия";"Месяц";"2";"млрд. руб.";"0"
"2024-01-01";"2110.47";"A";"Данные СберИндекса";"Непродовольственные товары";"Россия";"Месяц";"2";"млрд. руб.";"0"
"2024-02-01";"2152.72";"A";"Данные СберИндекса";"Непродовольственные товары";"Россия";"Месяц";"2";"млрд. руб.";"0"
"2024-03-01";"2371.53";"A";"Данные СберИндекса";"Непродовольственные товары";"Россия";"Месяц";"2";"млрд. руб.";"0"
"2024-04-01";"2300.62";"A";"Данные СберИндекса";"Непродовольственные товары";"Россия";"Месяц";"2";"млрд. руб.";"0"
"2024-05-01";"2340.98";"A";"Данные СберИндекса";"Непродовольственные товары";"Россия";"Месяц";"2";"млрд. руб.";"0"
"2024-06-01";"2395.95";"A";"Данные СберИндекса";"Непродовольственные товары";"Россия";"Месяц";"2";"млрд. руб.";"0"
"2024-07-01";"2519.09";"A";"Данные СберИндекса";"Непродовольственные товары";"Россия";"Месяц";"2";"млрд. руб.";"0"
"2024-08-01";"2622.9";"A";"Данные СберИндекса";"Непродовольственные товары";"Россия";"Месяц";"2";"млрд. руб.";"0"
"2024-09-01";"2588.67";"A";"Данные СберИндекса";"Непродовольственные товары";"Россия";"Месяц";"2";"млрд. руб.";"0"
"2024-10-01";"2568.95";"A";"Данные СберИндекса";"Непродовольственные товары";"Россия";"Месяц";"2";"млрд. руб.";"0"
"2024-11-01";"2518.37";"A";"Данные СберИндекса";"Непродовольственные товары";"Россия";"Месяц";"2";"млрд. руб.";"0"
"2024-12-01";"2891.12";"A";"Данные СберИндекса";"Непродовольственные товары";"Россия";"Месяц";"2";"млрд. руб.";"0"
"2018-12-01";"891.21";"A";"Данные СберИндекса";"Услуги";"Россия";"Месяц";"2";"млрд. руб.";"0"
"2019-01-01";"828.09";"A";"Данные СберИндекса";"Услуги";"Россия";"Месяц";"2";"млрд. руб.";"0"
"2019-02-01";"827.21";"A";"Данные СберИндекса";"Услуги";"Россия";"Месяц";"2";"млрд. руб.";"0"
"2019-03-01";"860.49";"A";"Данные СберИндекса";"Услуги";"Россия";"Месяц";"2";"млрд. руб.";"0"
"2019-04-01";"865.86";"A";"Данные СберИндекса";"Услуги";"Россия";"Месяц";"2";"млрд. руб.";"0"
"2019-05-01";"859.46";"A";"Данные СберИндекса";"Услуги";"Россия";"Месяц";"2";"млрд. руб.";"0"
"2019-06-01";"874.2";"A";"Данные СберИндекса";"Услуги";"Россия";"Месяц";"2";"млрд. руб.";"0"
"2019-07-01";"892.35";"A";"Данные СберИндекса";"Услуги";"Россия";"Месяц";"2";"млрд. руб.";"0"
"2019-08-01";"900.29";"A";"Данные СберИндекса";"Услуги";"Россия";"Месяц";"2";"млрд. руб.";"0"
"2019-09-01";"886.42";"A";"Данные СберИндекса";"Услуги";"Россия";"Месяц";"2";"млрд. руб.";"0"
"2019-10-01";"892.54";"A";"Данные СберИндекса";"Услуги";"Россия";"Месяц";"2";"млрд. руб.";"0"
"2019-11-01";"897.06";"A";"Данные СберИндекса";"Услуги";"Россия";"Месяц";"2";"млрд. руб.";"0"
"2019-12-01";"951.67";"A";"Данные СберИндекса";"Услуги";"Россия";"Месяц";"2";"млрд. руб.";"0"
"2020-01-01";"886.42";"A";"Данные СберИндекса";"Услуги";"Россия";"Месяц";"2";"млрд. руб.";"0"
"2020-02-01";"881.44";"A";"Данные СберИндекса";"Услуги";"Россия";"Месяц";"2";"млрд. руб.";"0"
"2020-03-01";"851.42";"A";"Данные СберИндекса";"Услуги";"Россия";"Месяц";"2";"млрд. руб.";"0"
"2020-04-01";"564.41";"A";"Данные СберИндекса";"Услуги";"Россия";"Месяц";"2";"млрд. руб.";"0"
"2020-05-01";"553";"A";"Данные СберИндекса";"Услуги";"Россия";"Месяц";"2";"млрд. руб.";"0"
"2020-06-01";"635.62";"A";"Данные СберИндекса";"Услуги";"Россия";"Месяц";"2";"млрд. руб.";"0"
"2020-07-01";"734.48";"A";"Данные СберИндекса";"Услуги";"Россия";"Месяц";"2";"млрд. руб.";"0"
"2020-08-01";"808.5";"A";"Данные СберИндекса";"Услуги";"Россия";"Месяц";"2";"млрд. руб.";"0"
"2020-09-01";"835.16";"A";"Данные СберИндекса";"Услуги";"Россия";"Месяц";"2";"млрд. руб.";"0"
"2020-10-01";"826.51";"A";"Данные СберИндекса";"Услуги";"Россия";"Месяц";"2";"млрд. руб.";"0"
"2020-11-01";"819.95";"A";"Данные СберИндекса";"Услуги";"Россия";"Месяц";"2";"млрд. руб.";"0"
"2020-12-01";"897.3";"A";"Данные СберИндекса";"Услуги";"Россия";"Месяц";"2";"млрд. руб.";"0"
"2021-01-01";"835.5";"A";"Данные СберИндекса";"Услуги";"Россия";"Месяц";"2";"млрд. руб.";"0"
"2021-02-01";"863.83";"A";"Данные СберИндекса";"Услуги";"Россия";"Месяц";"2";"млрд. руб.";"0"
"2021-03-01";"926.47";"A";"Данные СберИндекса";"Услуги";"Россия";"Месяц";"2";"млрд. руб.";"0"
"2021-04-01";"939.88";"A";"Данные СберИндекса";"Услуги";"Россия";"Месяц";"2";"млрд. руб.";"0"
"2021-05-01";"923.33";"A";"Данные СберИндекса";"Услуги";"Россия";"Месяц";"2";"млрд. руб.";"0"
"2021-06-01";"942.66";"A";"Данные СберИндекса";"Услуги";"Россия";"Месяц";"2";"млрд. руб.";"0"
"2021-07-01";"939.15";"A";"Данные СберИндекса";"Услуги";"Россия";"Месяц";"2";"млрд. руб.";"0"
"2021-08-01";"977.19";"A";"Данные СберИндекса";"Услуги";"Россия";"Месяц";"2";"млрд. руб.";"0"
"2021-09-01";"990.35";"A";"Данные СберИндекса";"Услуги";"Россия";"Месяц";"2";"млрд. руб.";"0"
"2021-10-01";"987.81";"A";"Данные СберИндекса";"Услуги";"Россия";"Месяц";"2";"млрд. руб.";"0"
"2021-11-01";"987.5";"A";"Данные СберИндекса";"Услуги";"Россия";"Месяц";"2";"млрд. руб.";"0"
"2021-12-01";"1057.25";"A";"Данные СберИндекса";"Услуги";"Россия";"Месяц";"2";"млрд. руб.";"0"
"2022-01-01";"1015.87";"A";"Данные СберИндекса";"Услуги";"Россия";"Месяц";"2";"млрд. руб.";"0"
"2022-02-01";"1021.25";"A";"Данные СберИндекса";"Услуги";"Россия";"Месяц";"2";"млрд. руб.";"0"
"2022-03-01";"1063.62";"A";"Данные СберИндекса";"Услуги";"Россия";"Месяц";"2";"млрд. руб.";"0"
"2022-04-01";"1045.73";"A";"Данные СберИндекса";"Услуги";"Россия";"Месяц";"2";"млрд. руб.";"0"
"2022-05-01";"1030.48";"A";"Данные СберИндекса";"Услуги";"Россия";"Месяц";"2";"млрд. руб.";"0"
"2022-06-01";"1052.65";"A";"Данные СберИндекса";"Услуги";"Россия";"Месяц";"2";"млрд. руб.";"0"
"2022-07-01";"1067.75";"A";"Данные СберИндекса";"Услуги";"Россия";"Месяц";"2";"млрд. руб.";"0"
"2022-08-01";"1111.17";"A";"Данные СберИндекса";"Услуги";"Россия";"Месяц";"2";"млрд. руб.";"0"
"2022-09-01";"1101.82";"A";"Данные СберИндекса";"Услуги";"Россия";"Месяц";"2";"млрд. руб.";"0"
"2022-10-01";"1095.8";"A";"Данные СберИндекса";"Услуги";"Россия";"Месяц";"2";"млрд. руб.";"0"
"2022-11-01";"1111.32";"A";"Данные СберИндекса";"Услуги";"Россия";"Месяц";"2";"млрд. руб.";"0"
"2022-12-01";"1201.25";"A";"Данные СберИндекса";"Услуги";"Россия";"Месяц";"2";"млрд. руб.";"0"
"2023-01-01";"1166.86";"A";"Данные СберИндекса";"Услуги";"Россия";"Месяц";"2";"млрд. руб.";"0"
"2023-02-01";"1190.3";"A";"Данные СберИндекса";"Услуги";"Россия";"Месяц";"2";"млрд. руб.";"0"
"2023-03-01";"1241.97";"A";"Данные СберИндекса";"Услуги";"Россия";"Месяц";"2";"млрд. руб.";"0"
"2023-04-01";"1222.04";"A";"Данные СберИндекса";"Услуги";"Россия";"Месяц";"2";"млрд. руб.";"0"
"2023-05-01";"1226.77";"A";"Данные СберИндекса";"Услуги";"Россия";"Месяц";"2";"млрд. руб.";"0"
"2023-06-01";"1244.1";"A";"Данные СберИндекса";"Услуги";"Россия";"Месяц";"2";"млрд. руб.";"0"
"2023-07-01";"1253.91";"A";"Данные СберИндекса";"Услуги";"Россия";"Месяц";"2";"млрд. руб.";"0"
"2023-08-01";"1299.03";"A";"Данные СберИндекса";"Услуги";"Россия";"Месяц";"2";"млрд. руб.";"0"
"2023-09-01";"1287.97";"A";"Данные СберИндекса";"Услуги";"Россия";"Месяц";"2";"млрд. руб.";"0"
"2023-10-01";"1294.16";"A";"Данные СберИндекса";"Услуги";"Россия";"Месяц";"2";"млрд. руб.";"0"
"2023-11-01";"1305.15";"A";"Данные СберИндекса";"Услуги";"Россия";"Месяц";"2";"млрд. руб.";"0"
"2023-12-01";"1386.11";"A";"Данные СберИндекса";"Услуги";"Россия";"Месяц";"2";"млрд. руб.";"0"
"2024-01-01";"1326.12";"A";"Данные СберИндекса";"Услуги";"Россия";"Месяц";"2";"млрд. руб.";"0"
"2024-02-01";"1367.18";"A";"Данные СберИндекса";"Услуги";"Россия";"Месяц";"2";"млрд. руб.";"0"
"2024-03-01";"1392.68";"A";"Данные СберИндекса";"Услуги";"Россия";"Месяц";"2";"млрд. руб.";"0"
"2024-04-01";"1395.42";"A";"Данные СберИндекса";"Услуги";"Россия";"Месяц";"2";"млрд. руб.";"0"
"2024-05-01";"1408.28";"A";"Данные СберИндекса";"Услуги";"Россия";"Месяц";"2";"млрд. руб.";"0"
"2024-06-01";"1425.11";"A";"Данные СберИндекса";"Услуги";"Россия";"Месяц";"2";"млрд. руб.";"0"
"2024-07-01";"1467.36";"A";"Данные СберИндекса";"Услуги";"Россия";"Месяц";"2";"млрд. руб.";"0"
"2024-08-01";"1507.46";"A";"Данные СберИндекса";"Услуги";"Россия";"Месяц";"2";"млрд. руб.";"0"
"2024-09-01";"1487.24";"A";"Данные СберИндекса";"Услуги";"Россия";"Месяц";"2";"млрд. руб.";"0"
"2024-10-01";"1495.97";"A";"Данные СберИндекса";"Услуги";"Россия";"Месяц";"2";"млрд. руб.";"0"
"2024-11-01";"1505.1";"A";"Данные СберИндекса";"Услуги";"Россия";"Месяц";"2";"млрд. руб.";"0"
"2024-12-01";"1605.11";"A";"Данные СберИндекса";"Услуги";"Россия";"Месяц";"2";"млрд. руб.";"0"
"2018-12-01";"1592.16";"A";"Данные СберИндекса";"Продовольственные товары";"Россия";"Месяц";"2";"млрд. руб.";"0"
"2019-01-01";"1215.82";"A";"Данные СберИндекса";"Продовольственные товары";"Россия";"Месяц";"2";"млрд. руб.";"0"
"2019-02-01";"1195.18";"A";"Данные СберИндекса";"Продовольственные товары";"Россия";"Месяц";"2";"млрд. руб.";"0"
"2019-03-01";"1311.02";"A";"Данные СберИндекса";"Продовольственные товары";"Россия";"Месяц";"2";"млрд. руб.";"0"
"2019-04-01";"1288.4";"A";"Данные СберИндекса";"Продовольственные товары";"Россия";"Месяц";"2";"млрд. руб.";"0"
"2019-05-01";"1319.29";"A";"Данные СберИндекса";"Продовольственные товары";"Россия";"Месяц";"2";"млрд. руб.";"0"
"2019-06-01";"1316.86";"A";"Данные СберИндекса";"Продовольственные товары";"Россия";"Месяц";"2";"млрд. руб.";"0"
"2019-07-01";"1338.59";"A";"Данные СберИндекса";"Продовольственные товары";"Россия";"Месяц";"2";"млрд. руб.";"0"
"2019-08-01";"1356.97";"A";"Данные СберИндекса";"Продовольственные товары";"Россия";"Месяц";"2";"млрд. руб.";"0"
"2019-09-01";"1341.89";"A";"Данные СберИндекса";"Продовольственные товары";"Россия";"Месяц";"2";"млрд. руб.";"0"
"2019-10-01";"1373.71";"A";"Данные СберИндекса";"Продовольственные товары";"Россия";"Месяц";"2";"млрд. руб.";"0"
"2019-11-01";"1390.12";"A";"Данные СберИндекса";"Продовольственные товары";"Россия";"Месяц";"2";"млрд. руб.";"0"
"2019-12-01";"1672.93";"A";"Данные СберИндекса";"Продовольственные товары";"Россия";"Месяц";"2";"млрд. руб.";"0"
"2020-01-01";"1275.12";"A";"Данные СберИндекса";"Продовольственные товары";"Россия";"Месяц";"2";"млрд. руб.";"0"
"2020-02-01";"1276.4";"A";"Данные СберИндекса";"Продовольственные товары";"Россия";"Месяц";"2";"млрд. руб.";"0"
"2020-03-01";"1430.71";"A";"Данные СберИндекса";"Продовольственные товары";"Россия";"Месяц";"2";"млрд. руб.";"0"
"2020-04-01";"1229.44";"A";"Данные СберИндекса";"Продовольственные товары";"Россия";"Месяц";"2";"млрд. руб.";"0"
"2020-05-01";"1265.47";"A";"Данные СберИндекса";"Продовольственные товары";"Россия";"Месяц";"2";"млрд. руб.";"0"
"2020-06-01";"1331.57";"A";"Данные СберИндекса";"Продовольственные товары";"Россия";"Месяц";"2";"млрд. руб.";"0"
"2020-07-01";"1394.38";"A";"Данные СберИндекса";"Продовольственные товары";"Россия";"Месяц";"2";"млрд. руб.";"0"
"2020-08-01";"1392.32";"A";"Данные СберИндекса";"Продовольственные товары";"Россия";"Месяц";"2";"млрд. руб.";"0"
"2020-09-01";"1379.12";"A";"Данные СберИндекса";"Продовольственные товары";"Россия";"Месяц";"2";"млрд. руб.";"0"
"2020-10-01";"1432.68";"A";"Данные СберИндекса";"Продовольственные товары";"Россия";"Месяц";"2";"млрд. руб.";"0"
"2020-11-01";"1433.11";"A";"Данные СберИндекса";"Продовольственные товары";"Россия";"Месяц";"2";"млрд. руб.";"0"
"2020-12-01";"1746.85";"A";"Данные СберИндекса";"Продовольственные товары";"Россия";"Месяц";"2";"млрд. руб.";"0"
"2021-01-01";"1365.56";"A";"Данные СберИндекса";"Продовольственные товары";"Россия";"Месяц";"2";"млрд. руб.";"0"
"2021-02-01";"1348.55";"A";"Данные СберИндекса";"Продовольственные товары";"Россия";"Месяц";"2";"млрд. руб.";"0"
"2021-03-01";"1462.49";"A";"Данные СберИндекса";"Продовольственные товары";"Россия";"Месяц";"2";"млрд. руб.";"0"
"2021-04-01";"1464.95";"A";"Данные СберИндекса";"Продовольственные товары";"Россия";"Месяц";"2";"млрд. руб.";"0"
"2021-05-01";"1490.73";"A";"Данные СберИндекса";"Продовольственные товары";"Россия";"Месяц";"2";"млрд. руб.";"0"
"2021-06-01";"1505.49";"A";"Данные СберИндекса";"Продовольственные товары";"Россия";"Месяц";"2";"млрд. руб.";"0"
"2021-07-01";"1544.89";"A";"Данные СберИндекса";"Продовольственные товары";"Россия";"Месяц";"2";"млрд. руб.";"0"
"2021-08-01";"1559.88";"A";"Данные СберИндекса";"Продовольственные товары";"Россия";"Месяц";"2";"млрд. руб.";"0"
"2021-09-01";"1564.02";"A";"Данные СберИндекса";"Продовольственные товары";"Россия";"Месяц";"2";"млрд. руб.";"0"
"2021-10-01";"1635.87";"A";"Данные СберИндекса";"Продовольственные товары";"Россия";"Месяц";"2";"млрд. руб.";"0"
"2021-11-01";"1626.76";"A";"Данные СберИндекса";"Продовольственные товары";"Россия";"Месяц";"2";"млрд. руб.";"0"
"2021-12-01";"1985.03";"A";"Данные СберИндекса";"Продовольственные товары";"Россия";"Месяц";"2";"млрд. руб.";"0"
"2022-01-01";"1538.06";"A";"Данные СберИндекса";"Продовольственные товары";"Россия";"Месяц";"2";"млрд. руб.";"0"
"2022-02-01";"1548.53";"A";"Данные СберИндекса";"Продовольственные товары";"Россия";"Месяц";"2";"млрд. руб.";"0"
"2022-03-01";"1792.66";"A";"Данные СберИндекса";"Продовольственные товары";"Россия";"Месяц";"2";"млрд. руб.";"0"
"2022-04-01";"1722.64";"A";"Данные СберИндекса";"Продовольственные товары";"Россия";"Месяц";"2";"млрд. руб.";"0"
"2022-05-01";"1750.28";"A";"Данные СберИндекса";"Продовольственные товары";"Россия";"Месяц";"2";"млрд. руб.";"0"
"2022-06-01";"1739.64";"A";"Данные СберИндекса";"Продовольственные товары";"Россия";"Месяц";"2";"млрд. руб.";"0"
"2022-07-01";"1772.86";"A";"Данные СберИндекса";"Продовольственные товары";"Россия";"Месяц";"2";"млрд. руб.";"0"
"2022-08-01";"1763.78";"A";"Данные СберИндекса";"Продовольственные товары";"Россия";"Месяц";"2";"млрд. руб.";"0"
"2022-09-01";"1727.47";"A";"Данные СберИндекса";"Продовольственные товары";"Россия";"Месяц";"2";"млрд. руб.";"0"
"2022-10-01";"1772.08";"A";"Данные СберИндекса";"Продовольственные товары";"Россия";"Месяц";"2";"млрд. руб.";"0"
"2022-11-01";"1770.89";"A";"Данные СберИндекса";"Продовольственные товары";"Россия";"Месяц";"2";"млрд. руб.";"0"
"2022-12-01";"2134.88";"A";"Данные СберИндекса";"Продовольственные товары";"Россия";"Месяц";"2";"млрд. руб.";"0"
"2023-01-01";"1679.52";"A";"Данные СберИндекса";"Продовольственные товары";"Россия";"Месяц";"2";"млрд. руб.";"0"
"2023-02-01";"1678.36";"A";"Данные СберИндекса";"Продовольственные товары";"Россия";"Месяц";"2";"млрд. руб.";"0"
"2023-03-01";"1825.43";"A";"Данные СберИндекса";"Продовольственные товары";"Россия";"Месяц";"2";"млрд. руб.";"0"
"2023-04-01";"1823.01";"A";"Данные СберИндекса";"Продовольственные товары";"Россия";"Месяц";"2";"млрд. руб.";"0"
"2023-05-01";"1867.6";"A";"Данные СберИндекса";"Продовольственные товары";"Россия";"Месяц";"2";"млрд. руб.";"0"
"2023-06-01";"1889.19";"A";"Данные СберИндекса";"Продовольственные товары";"Россия";"Месяц";"2";"млрд. руб.";"0"
"2023-07-01";"1938.32";"A";"Данные СберИндекса";"Продовольственные товары";"Россия";"Месяц";"2";"млрд. руб.";"0"
"2023-08-01";"1973.96";"A";"Данные СберИндекса";"Продовольственные товары";"Россия";"Месяц";"2";"млрд. руб.";"0"
"2023-09-01";"1933.93";"A";"Данные СберИндекса";"Продовольственные товары";"Россия";"Месяц";"2";"млрд. руб.";"0"
"2023-10-01";"1981.7";"A";"Данные СберИндекса";"Продовольственные товары";"Россия";"Месяц";"2";"млрд. руб.";"0"
"2023-11-01";"1996.77";"A";"Данные СберИндекса";"Продовольственные товары";"Россия";"Месяц";"2";"млрд. руб.";"0"
"2023-12-01";"2438.09";"A";"Данные СберИндекса";"Продовольственные товары";"Россия";"Месяц";"2";"млрд. руб.";"0"
"2024-01-01";"1923.67";"A";"Данные СберИндекса";"Продовольственные товары";"Россия";"Месяц";"2";"млрд. руб.";"0"
"2024-02-01";"1971.02";"A";"Данные СберИндекса";"Продовольственные товары";"Россия";"Месяц";"2";"млрд. руб.";"0"
"2024-03-01";"2114.05";"A";"Данные СберИндекса";"Продовольственные товары";"Россия";"Месяц";"2";"млрд. руб.";"0"
"2024-04-01";"2090.63";"A";"Данные СберИндекса";"Продовольственные товары";"Россия";"Месяц";"2";"млрд. руб.";"0"
"2024-05-01";"2166.44";"A";"Данные СберИндекса";"Продовольственные товары";"Россия";"Месяц";"2";"млрд. руб.";"0"
"2024-06-01";"2175.37";"A";"Данные СберИндекса";"Продовольственные товары";"Россия";"Месяц";"2";"млрд. руб.";"0"
"2024-07-01";"2241.26";"A";"Данные СберИндекса";"Продовольственные товары";"Россия";"Месяц";"2";"млрд. руб.";"0"
"2024-08-01";"2264.97";"A";"Данные СберИндекса";"Продовольственные товары";"Россия";"Месяц";"2";"млрд. руб.";"0"
"2024-09-01";"2189.28";"A";"Данные СберИндекса";"Продовольственные товары";"Россия";"Месяц";"2";"млрд. руб.";"0"
"2024-10-01";"2241.6";"A";"Данные СберИндекса";"Продовольственные товары";"Россия";"Месяц";"2";"млрд. руб.";"0"
"2024-11-01";"2271.31";"A";"Данные СберИндекса";"Продовольственные товары";"Россия";"Месяц";"2";"млрд. руб.";"0"
"2024-12-01";"2760.46";"A";"Данные СберИндекса";"Продовольственные товары";"Россия";"Месяц";"2";"млрд. руб.";"0"
