origin,n,v3,online_mix
12,12372,661.9649544976567,1225.1404819799022
13,12468,318.20993336629374,356.41799090121253
14,12486,380.3782186743938,407.64364590114525
15,12516,520.0637121620132,623.5107495176113
16,12510,379.83187710732,440.22509915376685
17,12504,383.810531754061,243.95468280046106
18,12516,265.9552426522674,276.6849765501924
19,12534,299.6387748847039,293.10200925346527
20,12588,323.4083309129736,317.1368077589123
21,12552,279.4858536764571,273.55177756186526
22,12588,406.24898566620607,338.00954434599043
23,12594,387.9486283617772,337.8283672448896
