scope,origin,n,model,mae,r2
all,-1,124284,annual_v5,761.4552748479971,0.9878614448489607
all,-1,124284,annual_lag2,783.2748547626578,0.9869899909548552
all,-1,124284,last_value,1331.2400711274179,0.9656841685654227
all,-1,124284,national_growth,684.1390653353455,0.9903807626168228
all,3,12378,annual_v5,826.9147306297056,0.9842122236430622
all,3,12378,annual_lag2,825.2862100107476,0.9841098909047526
all,3,12378,last_value,1244.9946679592827,0.9656446020255998
all,3,12378,national_growth,823.6707576324139,0.9843847646450725
all,4,12414,annual_v5,937.9723497353045,0.9777436053810661
all,4,12414,annual_lag2,1026.045816595691,0.9727847644290147
all,4,12414,last_value,1469.0394715643629,0.9560159377685669
all,4,12414,national_growth,965.8330647528312,0.9796425838715846
all,5,12402,annual_v5,1063.6235258258107,0.9741179009636151
all,5,12402,annual_lag2,943.3628849206203,0.980092552879828
all,5,12402,last_value,1392.4065473310757,0.9623395411451401
all,5,12402,national_growth,918.0266868137446,0.9835153888980276
all,6,12402,annual_v5,880.1902845393389,0.9862589776549527
all,6,12402,annual_lag2,1084.9450293501327,0.9773343807421807
all,6,12402,last_value,1456.6106273181745,0.9593036043643001
all,6,12402,national_growth,738.2376808274055,0.9903274452524246
all,7,12432,annual_v5,727.1957752368916,0.9905881174701688
all,7,12432,annual_lag2,798.7286708783433,0.9886304149542876
all,7,12432,last_value,1392.5788288288288,0.9649174723733678
all,7,12432,national_growth,603.3626514196419,0.9937898670726278
all,8,12438,annual_v5,575.6838243425472,0.9936155529595495
all,8,12438,annual_lag2,596.0028982085424,0.9934545850297802
all,8,12438,last_value,1331.7883904164657,0.9664170485322121
all,8,12438,national_growth,542.1596500367455,0.9945052395982494
all,9,12474,annual_v5,746.065371861548,0.9870716810516371
all,9,12474,annual_lag2,727.6634258324065,0.9879637747092299
all,9,12474,last_value,1136.3196248196248,0.9714825730161112
all,9,12474,national_growth,510.6466145593811,0.9940454658915772
all,10,12432,annual_v5,597.227643221052,0.9930855750507827
all,10,12432,annual_lag2,575.5280322092362,0.993364039587624
all,10,12432,last_value,1335.9963803088804,0.9657225158576846
all,10,12432,national_growth,505.85530768782803,0.9947422146591938
all,11,12456,annual_v5,611.474544765411,0.9926307359055421
all,11,12456,annual_lag2,612.1146486186627,0.9926016561119295
all,11,12456,last_value,1150.979849068722,0.972782662145874
all,11,12456,national_growth,538.2538407048501,0.9933494790522032
all,12,12456,annual_v5,650.4058681816531,0.994496711672509
all,12,12456,annual_lag2,645.5936740586221,0.9945588695099506
all,12,12456,last_value,1402.8293994861915,0.9695725235440456
all,12,12456,national_growth,697.9628693177928,0.9929902466208906
total,-1,20714,annual_v5,1888.259379632404,0.9487621722491726
total,-1,20714,annual_lag2,2027.0719554735476,0.9432726080512998
total,-1,20714,last_value,4346.352032441827,0.823366123796792
total,-1,20714,national_growth,1749.5365510510444,0.959836136481606
total,3,2063,annual_v5,2298.7731467808485,0.9224093288464216
total,3,2063,annual_lag2,2310.07638064859,0.9216797590169588
total,3,2063,last_value,3776.124091129423,0.8168400139186767
total,3,2063,national_growth,2293.4638885142867,0.9225280627064856
total,4,2069,annual_v5,2932.188348764577,0.8792071311164299
total,4,2069,annual_lag2,3355.25812693559,0.847118971143241
total,4,2069,last_value,4798.179797003383,0.756505820459789
total,4,2069,national_growth,3069.2421592983887,0.8931997749365325
total,5,2067,annual_v5,3374.339301458866,0.860008058510022
total,5,2067,annual_lag2,3015.4308959154355,0.894307730677623
total,5,2067,last_value,4408.358490566037,0.7989840754878449
total,5,2067,national_growth,2648.013231062409,0.9206362594648108
total,6,2067,annual_v5,2186.9118532436,0.9431124699812926
total,6,2067,annual_lag2,3308.121079974956,0.8861366890165489
total,6,2067,last_value,4758.460570875665,0.7808927284084632
total,6,2067,national_growth,1761.013063811693,0.9627305184859125
total,7,2072,annual_v5,1520.965683250995,0.9670376601578097
total,7,2072,annual_lag2,1899.008451179542,0.9555624720260879
total,7,2072,last_value,4449.939671814672,0.8200618205621172
total,7,2072,national_growth,1185.5036731918094,0.9810601159799033
total,8,2073,annual_v5,1077.9582253341525,0.9819036080716794
total,8,2073,annual_lag2,1137.3831939351257,0.9813969303734306
total,8,2073,last_value,4446.429329474192,0.8231527325555359
total,8,2073,national_growth,1011.5014306574241,0.9842410854875955
total,9,2079,annual_v5,1897.5596554141855,0.9433823272860483
total,9,2079,annual_lag2,1708.8698438016147,0.950546851475763
total,9,2079,last_value,3755.2376142376143,0.8551482316895758
total,9,2079,national_growth,1151.7860343284324,0.978779278712571
total,10,2072,annual_v5,1066.9264987931072,0.9818788914842677
total,10,2072,annual_lag2,1024.6250739906723,0.9831050670545244
total,10,2072,last_value,4451.652509652509,0.8201480919261486
total,10,2072,national_growth,1122.5707300465315,0.9817515856802602
total,11,2076,annual_v5,1164.2267922660428,0.9793600190846139
total,11,2076,annual_lag2,1188.4553202243364,0.9787545621629878
total,11,2076,last_value,3869.248554913295,0.8593227929506335
total,11,2076,national_growth,1561.9888816914108,0.9698459909148447
total,12,2076,annual_v5,1373.0975967578754,0.9809095756972581
total,12,2076,annual_lag2,1336.5762227246496,0.9815761296535985
total,12,2076,last_value,4751.299132947976,0.8364172004877527
total,12,2076,national_growth,1699.5857535406344,0.9719577019205493
