scope,growth_weight,mae
all,0.0,761.4552748479971
all,0.25,731.5848033117612
all,0.5,708.1527786694137
all,0.75,691.8729611761985
all,1.0,684.1390653353455
total,0.0,1888.259379632404
total,0.25,1823.6328324039282
total,0.5,1778.415605854119
total,0.75,1753.1917514918916
total,1.0,1749.5365510510444
old_all,0.0,650.4058681816531
old_all,0.25,639.8030930098779
old_all,0.5,644.7880468516497
old_all,0.75,665.7177598452948
old_all,1.0,697.9628693177928
old_total,0.0,1373.0975967578754
old_total,0.25,1376.4176135664559
old_total,0.5,1433.314791397492
old_total,0.75,1547.3525129470786
old_total,1.0,1699.5857535406344
